"","10345114","10426220","10427122","10427206","10441221","10452238","10523322","10526247","10535115","10543148","year"
"電腦應用概論(一B)",-1,-1,-1,-1,-1,-1,-1,-1,-1,-1,1051
"建築設計 (一)",-1,-1,-1,-1,-1,-1,-1,-1,-1,-1,1051
"建築概論",-1,-1,-1,-1,-1,-1,-1,-1,-1,-1,1051
"建築數學",-1,-1,-1,-1,-1,-1,-1,-1,-1,-1,1051
"建築基礎(一)",-1,-1,-1,-1,-1,-1,-1,-1,-1,-1,1051
"文學經典閱讀",95,89,68,86,83,84,85,78,75,83,1051
"素描一B",-1,-1,-1,-1,-1,-1,-1,-1,-1,-1,1051
"英文(一)",91,85,60,76,57,80,52,63,73,81,1051
"英語聽講(一)",84,84,73,66,64,80,73,63,71,84,1051
"體育(男)一",-1,91,68,69,-1,-1,82,74,-1,-1,1051
"環境服務學習（一）",85,81,83,85,75,78,77,77,81,78,1051
"基礎設計(一A)",-1,-1,-1,-1,-1,-1,-1,-1,-1,-1,1051
"電腦應用概論(B)",-1,-1,-1,-1,-1,-1,-1,-1,-1,-1,1051
"設計繪畫(一A)",-1,-1,-1,-1,-1,-1,-1,-1,-1,-1,1051
"色彩學一B",-1,-1,-1,-1,-1,-1,-1,-1,-1,-1,1051
"字法一A",-1,-1,-1,-1,-1,-1,-1,-1,-1,-1,1051
"商業設計史(一)",-1,-1,-1,-1,-1,-1,-1,-1,-1,-1,1051
"基礎攝影",-1,-1,-1,-1,-1,-1,-1,-1,-1,-1,1051
"圖學(一)",-1,-1,-1,-1,-1,-1,-1,-1,83,-1,1051
"素描一A",-1,-1,-1,-1,-1,-1,-1,-1,92,-1,1051
"景觀設計(一)",-1,-1,-1,-1,-1,-1,-1,-1,73,-1,1051
"環境體驗(一)",-1,-1,-1,-1,-1,-1,-1,-1,76,-1,1051
"台灣本土植物",-1,-1,-1,-1,-1,-1,-1,-1,70,-1,1051
"景觀學概論(一)",-1,-1,-1,-1,-1,-1,-1,-1,60,-1,1051
"結構與造形",-1,-1,-1,-1,-1,-1,-1,-1,-1,-1,1051
"結構與造形實習",-1,-1,-1,-1,-1,-1,-1,-1,-1,-1,1051
"素描實習",-1,-1,-1,-1,-1,-1,-1,-1,92,-1,1051
"環境調查實習(一)",-1,-1,-1,-1,-1,-1,-1,-1,76,-1,1051
"圖學實習(一)",-1,-1,-1,-1,-1,-1,-1,-1,83,-1,1051
"微積分(上)",-1,80,80,69,-1,-1,76,78,-1,-1,1051
"資訊科技導論",-1,-1,-1,-1,49,-1,-1,-1,-1,75,1051
"經濟學(一)",-1,-1,-1,-1,60,-1,-1,-1,-1,70,1051
"會計學(一)",-1,-1,-1,-1,35,-1,-1,-1,-1,-1,1051
"民法總則",84,-1,-1,-1,-1,-1,-1,-1,-1,-1,1051
"憲法",86,-1,-1,-1,-1,-1,-1,-1,-1,-1,1051
"刑法總則",86,-1,-1,-1,-1,-1,-1,-1,-1,-1,1051
"經濟學",91,-1,-1,-1,-1,-1,-1,-1,-1,-1,1051
"體育(女)一",78,-1,-1,-1,75,84,-1,-1,79,85,1051
"法學緒論",85,-1,-1,-1,-1,-1,-1,-1,-1,-1,1051
"電腦應用導論",-1,-1,-1,-1,-1,-1,-1,-1,-1,-1,1051
"特殊教育導論",-1,-1,-1,-1,-1,-1,-1,-1,-1,-1,1051
"教育心理學",-1,-1,-1,-1,-1,-1,-1,-1,-1,-1,1051
"教育概論",-1,-1,-1,-1,-1,-1,-1,-1,-1,-1,1051
"特殊教育見習一A",-1,-1,-1,-1,-1,-1,-1,-1,-1,-1,1051
"早期介入概論",-1,-1,-1,-1,-1,-1,-1,-1,-1,-1,1051
"自然科學導論",-1,-1,-1,-1,61,90,-1,-1,-1,93,1051
"計算機概論(一)",-1,79,86,90,-1,-1,-1,69,-1,-1,1051
"基礎數學(一)",-1,-1,-1,-1,-1,-1,-1,-1,-1,-1,1051
"普通物理(一)",-1,87,57,49,-1,-1,50,65,-1,-1,1051
"中西哲學的生死關懷",-1,-1,-1,-1,-1,-1,-1,-1,-1,-1,1051
"普通化學實驗(一)",-1,-1,-1,-1,-1,-1,-1,-1,-1,-1,1051
"普通物理實驗(一)",-1,86,73,78,-1,-1,54,83,-1,-1,1051
"普通化學(一)",-1,-1,-1,-1,-1,-1,-1,-1,-1,-1,1051
"國防軍訓-防衛動員",-1,85,-1,-1,-1,-1,-1,-1,-1,-1,1051
"體育特別班內礙組",-1,-1,-1,-1,-1,-1,-1,-1,-1,-1,1051
"普通生物學(一)",-1,-1,-1,-1,-1,-1,-1,-1,-1,-1,1051
"普通生物學實驗(一)",-1,-1,-1,-1,-1,-1,-1,-1,-1,-1,1051
"普通化學",-1,-1,-1,-1,-1,-1,-1,-1,-1,-1,1051
"普通化學實驗",-1,-1,-1,-1,-1,-1,-1,-1,-1,-1,1051
"統計之工程應用",-1,-1,-1,-1,-1,-1,-1,-1,-1,-1,1051
"化學工程概論",-1,-1,-1,-1,-1,-1,-1,-1,-1,-1,1051
"化工安全與實驗室安全",-1,-1,-1,-1,-1,-1,-1,-1,-1,-1,1051
"工程倫理",-1,-1,-1,-1,-1,-1,63,-1,-1,-1,1051
"測量實習",-1,-1,-1,-1,-1,-1,-1,-1,-1,-1,1051
"工程與科技",-1,-1,-1,-1,-1,-1,-1,-1,-1,-1,1051
"測量學",-1,-1,-1,-1,-1,-1,-1,-1,-1,-1,1051
"程式語言",-1,-1,-1,-1,-1,-1,-1,-1,-1,-1,1051
"工程圖學",-1,-1,-1,-1,-1,-1,92,-1,-1,-1,1051
"機械工程概論",-1,-1,-1,-1,-1,-1,68,-1,-1,-1,1051
"計算機概論",-1,-1,-1,-1,-1,-1,67,-1,-1,-1,1051
"政治學與當代生活",-1,-1,-1,-1,-1,-1,-1,-1,-1,-1,1051
"台灣政治與民主",-1,-1,-1,-1,-1,-1,-1,-1,-1,-1,1051
"文化思想史",-1,-1,-1,-1,-1,-1,-1,-1,-1,-1,1051
"國防軍訓-國際情勢",-1,-1,-1,-1,-1,-1,-1,-1,-1,-1,1051
"認識智慧財產權",-1,-1,-1,-1,-1,-1,-1,-1,-1,-1,1051
"電資與人類文明",-1,84,76,-1,-1,-1,-1,69,-1,-1,1051
"嵌入式系統實驗(一)",-1,-1,99,100,-1,-1,-1,-1,-1,-1,1051
"線性代數",-1,-1,34,77,-1,-1,-1,-1,-1,-1,1051
"邏輯設計",-1,-1,-1,-1,-1,-1,-1,-1,-1,-1,1051
"服務學習",-1,-1,-1,-1,-1,-1,-1,-1,-1,-1,1051
"優質網路生活",-1,-1,-1,-1,-1,-1,-1,-1,-1,-1,1051
"圖學一A",-1,-1,-1,-1,-1,-1,-1,-1,-1,-1,1051
"基本設計 (一)",-1,-1,-1,-1,-1,-1,-1,-1,-1,-1,1051
"電腦應用概論(一)",-1,-1,-1,-1,-1,-1,-1,-1,-1,-1,1051
"素描(一)",-1,-1,-1,-1,-1,-1,-1,-1,-1,-1,1051
"室內設計概論(一)",-1,-1,-1,-1,-1,-1,-1,-1,-1,-1,1051
"室內設計用詞表達形式",-1,-1,-1,-1,-1,-1,-1,-1,-1,-1,1051
"圖學一B",-1,-1,-1,-1,-1,-1,-1,-1,-1,-1,1051
"設計繪畫(一B)",-1,-1,-1,-1,-1,-1,-1,-1,-1,-1,1051
"字法一B",-1,-1,-1,-1,-1,-1,-1,-1,-1,-1,1051
"電腦應用概論(C)",-1,-1,-1,-1,-1,-1,-1,-1,-1,-1,1051
"基礎設計(一B)",-1,-1,-1,-1,-1,-1,-1,-1,-1,-1,1051
"設計繪畫一C",-1,-1,-1,-1,-1,-1,-1,-1,-1,-1,1051
"字法一C",-1,-1,-1,-1,-1,-1,-1,-1,-1,-1,1051
"色彩學一C",-1,-1,-1,-1,-1,-1,-1,-1,-1,-1,1051
"基礎設計(一C)",-1,-1,-1,-1,-1,-1,-1,-1,-1,-1,1051
"攝影外拍與實作",-1,-1,-1,-1,-1,-1,-1,-1,-1,-1,1051
"企業概論",-1,-1,-1,-1,64,-1,-1,-1,-1,-1,1051
"生活社會學",-1,-1,-1,-1,-1,-1,-1,-1,-1,-1,1051
"科技災害導論",-1,-1,-1,-1,-1,-1,-1,-1,-1,-1,1051
"商用數學(一)",-1,-1,-1,-1,-1,-1,-1,-1,-1,-1,1051
"通識教育講座",-1,-1,-1,-1,-1,-1,-1,-1,-1,-1,1051
"民法概要(一)",-1,-1,-1,-1,-1,-1,-1,-1,-1,-1,1051
"多益英文文法",-1,-1,-1,-1,-1,-1,-1,-1,-1,-1,1051
"初級會計學(一)",-1,-1,-1,-1,-1,-1,-1,-1,-1,50,1051
"管理數學(一)",-1,-1,-1,-1,-1,-1,-1,-1,-1,64,1051
"民法概要",-1,-1,-1,-1,-1,-1,-1,-1,-1,77,1051
"管理學",-1,-1,-1,-1,-1,-1,-1,-1,-1,-1,1051
"浪漫時期音樂賞析",-1,-1,-1,-1,-1,-1,-1,-1,-1,-1,1051
"Java程式設計",-1,-1,-1,-1,-1,-1,-1,-1,-1,-1,1051
"管理數學 (一)",-1,-1,-1,-1,-1,-1,-1,-1,-1,-1,1051
"管理數學 (二)",-1,-1,-1,-1,-1,-1,-1,-1,-1,-1,1051
"創業模擬經營實務",-1,-1,-1,-1,-1,-1,-1,-1,-1,-1,1051
"區域文明史",-1,-1,-1,-1,-1,-1,-1,-1,-1,-1,1051
"會計學",-1,-1,-1,-1,-1,-1,-1,-1,-1,-1,1051
"英文(二)",-1,-1,-1,-1,-1,-1,-1,-1,-1,-1,1051
"財務數學",-1,-1,-1,-1,-1,-1,-1,-1,-1,-1,1051
"人生哲學",-1,-1,-1,-1,-1,-1,-1,-1,-1,-1,1051
"特殊兒童發展",-1,-1,-1,-1,-1,-1,-1,-1,-1,-1,1051
"特殊教育見習一B",-1,-1,-1,-1,-1,-1,-1,-1,-1,-1,1051
"資訊與電腦概論",-1,-1,-1,-1,-1,-1,-1,-1,-1,-1,1051
"第二外語文法一(西)",-1,-1,-1,-1,-1,-1,-1,-1,-1,-1,1051
"第二外語會話一(西)",-1,-1,-1,-1,-1,-1,-1,-1,-1,-1,1051
"中級英語會話(一)A",-1,-1,-1,-1,-1,-1,-1,-1,-1,-1,1051
"英文文法與段落寫作1A",-1,-1,-1,-1,-1,-1,-1,-1,-1,-1,1051
"文學作品導讀(一)",-1,-1,-1,-1,-1,88,-1,-1,-1,-1,1051
"語言學概論(一)",-1,-1,-1,-1,-1,76,-1,-1,-1,-1,1051
"中級英語會話(一)B",-1,-1,-1,-1,-1,73,-1,-1,-1,-1,1051
"英文文法與段落寫作1B",-1,-1,-1,-1,-1,80,-1,-1,-1,-1,1051
"第二外語文法一(日)",-1,-1,-1,-1,-1,-1,-1,-1,-1,-1,1051
"第二外語會話一(日)",-1,-1,-1,-1,-1,-1,-1,-1,-1,-1,1051
"英語發音練習",-1,-1,-1,-1,-1,93,-1,-1,-1,-1,1051
"第二外語文法一(德)",-1,-1,-1,-1,-1,79,-1,-1,-1,-1,1051
"第二外語會話一(德)",-1,-1,-1,-1,-1,98,-1,-1,-1,-1,1051
"哲學概論",-1,-1,-1,-1,-1,-1,-1,-1,-1,-1,1051
"數學英文",-1,-1,-1,-1,-1,-1,-1,-1,-1,-1,1051
"基礎應用數學",-1,-1,-1,-1,-1,-1,-1,-1,-1,-1,1051
"化學英文",-1,-1,-1,-1,-1,-1,-1,-1,-1,-1,1051
"普通心理學(上)",-1,-1,-1,-1,-1,-1,-1,-1,-1,-1,1051
"心理及教育統計學(上)",-1,-1,-1,-1,-1,-1,-1,-1,-1,-1,1051
"生物學概論",-1,-1,-1,-1,-1,-1,-1,-1,-1,-1,1051
"電腦輔助繪圖",-1,-1,-1,-1,-1,-1,-1,-1,-1,-1,1051
"個人健康管理",-1,-1,-1,-1,-1,-1,-1,-1,-1,-1,1051
"臺灣文化資產賞析",-1,-1,-1,-1,-1,-1,-1,-1,-1,-1,1051
"工程材料學",-1,-1,-1,-1,-1,-1,-1,-1,-1,-1,1051
"工程材料實驗D",-1,-1,-1,-1,-1,-1,-1,-1,-1,-1,1051
"性別平等與現代社會",-1,-1,-1,-1,-1,-1,-1,-1,-1,-1,1051
"工業會計",-1,-1,-1,-1,-1,-1,-1,-1,-1,-1,1051
"國防軍訓-全民國防",-1,-1,-1,-1,-1,-1,-1,-1,-1,-1,1051
"英語聽講(二)",-1,-1,-1,-1,-1,-1,-1,-1,-1,-1,1051
"認識星空",-1,-1,-1,-1,-1,-1,-1,-1,-1,-1,1051
"電腦應用概論(一A)",-1,-1,-1,-1,-1,-1,-1,-1,-1,-1,1051
"職業棒球概論",-1,-1,-1,-1,-1,-1,-1,-1,-1,-1,1051
"生命倫理學",-1,-1,-1,-1,-1,-1,-1,-1,-1,-1,1051
"全球文化講座",-1,-1,-1,-1,-1,-1,-1,-1,-1,-1,1051
"法律與現代生活",-1,-1,-1,-1,-1,-1,-1,-1,-1,-1,1051
"商用數學",-1,-1,-1,-1,-1,-1,-1,-1,-1,-1,1051
"綠色生活與永續環境",-1,-1,-1,-1,-1,-1,-1,-1,-1,-1,1051
"NET程式設計",-1,-1,-1,-1,-1,-1,-1,-1,-1,-1,1051
"法律與經濟",-1,-1,-1,-1,-1,-1,-1,-1,-1,-1,1051
"聖經生命美學",-1,-1,-1,-1,-1,-1,-1,-1,-1,-1,1051
"國防軍訓-國防政策",-1,-1,-1,-1,-1,-1,-1,-1,-1,-1,1051
"創業標竿講座",-1,-1,-1,-1,-1,-1,-1,-1,-1,-1,1051
"華語正音A",-1,-1,-1,-1,-1,-1,-1,-1,-1,-1,1051
"中國文化導論",-1,-1,-1,-1,-1,-1,-1,-1,-1,-1,1051
"漢語語言學概論(一)",-1,-1,-1,-1,-1,-1,-1,-1,-1,-1,1051
"閱讀與寫作指導",-1,-1,-1,-1,-1,-1,-1,-1,-1,-1,1051
"資訊系統與網路導論",-1,-1,-1,-1,-1,-1,-1,-1,-1,-1,1051
"台灣文化導論",-1,-1,-1,-1,-1,-1,-1,-1,-1,-1,1051
"創業計畫與表達",-1,-1,-1,-1,-1,-1,-1,-1,-1,-1,1051
"電腦應用概論(二B)",-1,-1,-1,-1,-1,-1,-1,-1,-1,-1,1052
"建築設計 (二)",-1,-1,-1,-1,-1,-1,-1,-1,-1,-1,1052
"建築基礎(二)",-1,-1,-1,-1,-1,-1,-1,-1,-1,-1,1052
"宗教哲學",84,-1,100,-1,84,-1,-1,-1,-1,90,1052
"語文與修辭",94,92,60,79,71,83,38,71,78,84,1052
"素描二B",-1,-1,-1,-1,-1,-1,-1,-1,-1,-1,1052
"英文(二)",81,86,67,73,60,76,39,62,69,81,1052
"英語聽講(二)",99,94,69,72,76,77,60,53,66,92,1052
"體育(男)二",-1,81,80,71,-1,-1,87,77,-1,-1,1052
"環境服務學習（二）",84,79,84,84,66,82,84,87,85,85,1052
"食品與健康",-1,-1,-1,-1,-1,-1,-1,-1,-1,-1,1052
"古典電影配樂賞析",-1,-1,-1,-1,-1,-1,-1,-1,-1,-1,1052
"色彩學二A",-1,-1,-1,-1,-1,-1,-1,-1,-1,-1,1052
"字法二B",-1,-1,-1,-1,-1,-1,-1,-1,-1,-1,1052
"基礎設計(二B)",-1,-1,-1,-1,-1,-1,-1,-1,-1,-1,1052
"設計繪畫(二B)",-1,-1,-1,-1,-1,-1,-1,-1,-1,-1,1052
"電腦繪圖(A)",-1,-1,-1,-1,-1,-1,-1,-1,-1,-1,1052
"商業設計史(二)",-1,-1,-1,-1,-1,-1,-1,-1,-1,-1,1052
"工程與科技",-1,-1,-1,-1,-1,-1,65,-1,-1,-1,1052
"商業攝影",-1,-1,-1,-1,-1,-1,-1,-1,-1,-1,1052
"音樂的構成",-1,-1,-1,-1,-1,-1,-1,-1,-1,-1,1052
"圖學(二)",-1,-1,-1,-1,-1,-1,-1,-1,83,-1,1052
"電腦應用概論(一)",-1,-1,-1,-1,-1,-1,-1,-1,-1,-1,1052
"景觀植物學",-1,-1,-1,-1,-1,-1,-1,-1,76,-1,1052
"環境體驗(二)",-1,-1,-1,-1,-1,-1,-1,-1,81,-1,1052
"景觀學概論(二)",-1,-1,-1,-1,-1,-1,-1,-1,85,-1,1052
"設計素描一B",-1,-1,-1,-1,-1,-1,-1,-1,-1,-1,1052
"構造與材料",-1,-1,-1,-1,-1,-1,-1,-1,-1,-1,1052
"理性思維與邏輯辯證",-1,-1,-1,-1,-1,-1,-1,-1,-1,-1,1052
"永續發展通論與綠概念",-1,-1,-1,-1,-1,-1,-1,-1,-1,-1,1052
"設計素描實習",-1,-1,-1,-1,-1,-1,-1,-1,93,-1,1052
"圖學實習(二)",-1,-1,-1,-1,-1,-1,-1,-1,83,-1,1052
"環境調查實習(二)",-1,-1,-1,-1,-1,-1,-1,-1,81,-1,1052
"構造與材料實習",-1,-1,-1,-1,-1,-1,-1,-1,-1,-1,1052
"法律與現代生活",-1,86,-1,-1,-1,-1,-1,-1,-1,-1,1052
"商用數學(二)",-1,-1,-1,-1,-1,-1,-1,-1,-1,-1,1052
"民法概要  (二)",-1,-1,-1,-1,-1,-1,-1,-1,-1,-1,1052
"多益英文文法",-1,-1,-1,-1,-1,-1,-1,-1,-1,-1,1052
"電腦軟體與網路應用",87,-1,-1,-1,-1,-1,-1,-1,-1,-1,1052
"民法總則",77,-1,-1,-1,-1,-1,-1,-1,-1,-1,1052
"憲法",75,-1,-1,-1,-1,-1,-1,-1,-1,-1,1052
"刑法總則",86,-1,-1,-1,-1,-1,-1,-1,-1,-1,1052
"經濟學",84,-1,-1,-1,-1,-1,-1,-1,-1,-1,1052
"體育(女)二",80,-1,-1,-1,56,80,-1,-1,77,88,1052
"時間的奧秘",95,-1,-1,-1,-1,-1,-1,-1,-1,-1,1052
"文化思想史",-1,-1,-1,-1,77,88,-1,-1,-1,-1,1052
"特殊教育倫理",-1,-1,-1,-1,-1,-1,-1,-1,-1,-1,1052
"創造力教育",-1,-1,-1,-1,-1,-1,-1,-1,-1,-1,1052
"視覺障礙",-1,-1,-1,-1,-1,-1,-1,-1,-1,-1,1052
"特殊兒童發展",-1,-1,-1,-1,-1,-1,-1,-1,-1,-1,1052
"特殊教育見習一A",-1,-1,-1,-1,-1,-1,-1,-1,-1,-1,1052
"學習評量",-1,-1,-1,-1,-1,-1,-1,-1,-1,-1,1052
"幼兒行為觀察",-1,-1,-1,-1,-1,-1,-1,-1,-1,-1,1052
"聽覺障礙",-1,-1,-1,-1,-1,-1,-1,-1,-1,-1,1052
"計算機概論(二)",-1,67,78,85,-1,-1,-1,68,-1,-1,1052
"台灣政治與民主",-1,-1,-1,-1,-1,-1,-1,-1,-1,-1,1052
"微積分(下)",-1,68,66,69,-1,-1,49,70,-1,-1,1052
"基礎數學(二)",-1,-1,-1,-1,-1,-1,-1,-1,-1,-1,1052
"普通物理",-1,-1,-1,-1,-1,-1,-1,-1,-1,-1,1052
"現代小說欣賞",-1,-1,-1,-1,-1,-1,-1,-1,-1,-1,1052
"生活社會學",-1,-1,-1,-1,-1,-1,-1,-1,-1,-1,1052
"自然科學導論",-1,-1,-1,-1,-1,-1,-1,-1,-1,-1,1052
"通識教育講座",-1,-1,-1,-1,-1,-1,-1,-1,-1,-1,1052
"鋼琴音樂三百年",-1,-1,-1,-1,58,-1,-1,-1,-1,-1,1052
"普通物理(二)",-1,82,59,71,-1,-1,71,60,-1,-1,1052
"普通物理實驗(二)",-1,79,-1,-1,-1,-1,67,75,-1,-1,1052
"計算機概論",-1,-1,-1,-1,-1,-1,-1,-1,-1,-1,1052
"普通化學(二)",-1,-1,-1,-1,-1,-1,-1,-1,-1,-1,1052
"區域文明史",-1,-1,-1,-1,-1,-1,-1,-1,-1,89,1052
"普通化學實驗(二)",-1,-1,-1,-1,-1,-1,-1,-1,-1,-1,1052
"電腦在化學上的應用",-1,-1,-1,-1,-1,-1,-1,-1,-1,-1,1052
"體育特別班內礙組",-1,-1,-1,-1,-1,-1,-1,-1,-1,-1,1052
"普通生物學(二)",-1,-1,-1,-1,-1,-1,-1,-1,-1,-1,1052
"普通生物學實驗(二)",-1,-1,-1,-1,-1,-1,-1,-1,-1,-1,1052
"有機化學",-1,-1,-1,-1,-1,-1,-1,-1,-1,-1,1052
"有機化學實驗",-1,-1,-1,-1,-1,-1,-1,-1,-1,-1,1052
"生物科技導論",-1,-1,-1,-1,-1,-1,-1,-1,-1,-1,1052
"質能均衡",-1,-1,-1,-1,-1,-1,-1,-1,-1,-1,1052
"普通化學實驗",-1,-1,-1,-1,-1,-1,-1,-1,-1,-1,1052
"生物學概論",-1,-1,-1,-1,-1,-1,-1,-1,-1,-1,1052
"工程材料學",-1,-1,-1,-1,-1,-1,-1,-1,-1,-1,1052
"工程材料實驗D",-1,-1,-1,-1,-1,-1,-1,-1,-1,-1,1052
"電腦輔助繪圖",-1,-1,-1,-1,-1,-1,-1,-1,-1,-1,1052
"人生哲學",-1,-1,-1,-1,-1,-1,-1,-1,-1,-1,1052
"靜力學",-1,-1,-1,-1,-1,-1,29,-1,-1,-1,1052
"程式語言MATLAB",-1,-1,-1,-1,-1,-1,47,-1,-1,-1,1052
"電腦輔助製圖",-1,-1,-1,-1,-1,-1,89,-1,-1,-1,1052
"電資與人類文明",-1,-1,-1,88,-1,-1,-1,-1,-1,-1,1052
"工業會計",-1,-1,-1,-1,-1,-1,-1,-1,-1,-1,1052
"價值判斷與分析",-1,-1,-1,-1,-1,-1,-1,-1,-1,-1,1052
"當代人權議題與挑戰",-1,-1,-1,-1,-1,-1,-1,-1,-1,-1,1052
"未來資訊概論",-1,-1,-1,-1,-1,-1,-1,-1,-1,-1,1052
"生物醫學工程概論",-1,-1,-1,-1,-1,-1,-1,-1,-1,-1,1052
"工程倫理",-1,-1,-1,-1,-1,-1,-1,-1,-1,-1,1052
"應用力學",-1,-1,-1,-1,-1,-1,-1,-1,-1,-1,1052
"邏輯設計",-1,-1,-1,-1,-1,-1,-1,-1,-1,-1,1052
"線性代數",-1,61,-1,-1,-1,-1,-1,77,-1,-1,1052
"臺灣文化資產賞析",-1,-1,-1,-1,-1,-1,-1,-1,-1,88,1052
"嵌入式系統實驗(二)",-1,-1,100,100,-1,-1,-1,-1,-1,-1,1052
"離散數學",-1,-1,62,68,-1,-1,-1,-1,-1,-1,1052
"社會與個人",-1,-1,-1,-1,-1,-1,-1,-1,-1,-1,1052
"生命科學概論",-1,-1,-1,-1,-1,-1,-1,-1,-1,-1,1052
"運動與健康",-1,-1,-1,-1,-1,-1,-1,-1,-1,-1,1052
"工程與法律",-1,-1,-1,-1,-1,-1,-1,-1,-1,-1,1052
"客家語言與文化",-1,-1,-1,-1,-1,-1,-1,-1,-1,-1,1052
"哲學與思考",-1,-1,-1,-1,-1,-1,-1,-1,-1,-1,1052
"科學與倫理",-1,-1,-1,-1,-1,-1,-1,-1,-1,-1,1052
"國際現勢與兩岸關係",-1,-1,-1,-1,-1,-1,-1,-1,-1,-1,1052
"全球化大議題",-1,-1,-1,-1,-1,-1,-1,-1,-1,-1,1052
"浪漫時期音樂賞析",-1,-1,-1,-1,-1,-1,-1,-1,-1,-1,1052
"舊約故事的人生觀",-1,-1,-1,-1,-1,-1,-1,-1,-1,-1,1052
"國防軍訓-全民國防",-1,-1,-1,-1,-1,-1,-1,-1,-1,-1,1052
"經濟學的世界",-1,-1,-1,-1,-1,-1,-1,-1,-1,-1,1052
"普通物理(一)",-1,-1,-1,-1,-1,-1,-1,-1,-1,-1,1052
"普通物理實驗(一)",-1,-1,-1,-1,-1,-1,-1,-1,-1,-1,1052
"工程數學(一)",-1,-1,-1,-1,-1,-1,-1,-1,-1,-1,1052
"電路學(一)",-1,-1,-1,-1,-1,-1,-1,-1,-1,-1,1052
"產業創新與前瞻科技",-1,-1,-1,-1,-1,-1,-1,-1,-1,-1,1052
"臺灣民間音樂賞析",-1,-1,-1,-1,-1,-1,-1,-1,-1,-1,1052
"觀看與影像實踐",-1,-1,-1,-1,-1,-1,-1,-1,-1,-1,1052
"圖學二A",-1,-1,-1,-1,-1,-1,-1,-1,-1,-1,1052
"基本設計(二)",-1,-1,-1,-1,-1,-1,-1,-1,-1,-1,1052
"電腦應用概論(二)",-1,-1,-1,-1,-1,-1,-1,-1,-1,-1,1052
"表現法",-1,-1,-1,-1,-1,-1,-1,-1,-1,-1,1052
"素描(二)",-1,-1,-1,-1,-1,-1,-1,-1,-1,-1,1052
"室內設計概論(二)",-1,-1,-1,-1,-1,-1,-1,-1,-1,-1,1052
"圖學二B",-1,-1,-1,-1,-1,-1,-1,-1,-1,-1,1052
"色彩學二B",-1,-1,-1,-1,-1,-1,-1,-1,-1,-1,1052
"基礎設計(二A)",-1,-1,-1,-1,-1,-1,-1,-1,-1,-1,1052
"電腦繪圖(B)",-1,-1,-1,-1,-1,-1,-1,-1,-1,-1,1052
"電腦繪圖(C)",-1,-1,-1,-1,-1,-1,-1,-1,-1,-1,1052
"字法二C",-1,-1,-1,-1,-1,-1,-1,-1,-1,-1,1052
"色彩學二C",-1,-1,-1,-1,-1,-1,-1,-1,-1,-1,1052
"設計繪畫(二C)",-1,-1,-1,-1,-1,-1,-1,-1,-1,-1,1052
"現代繪畫欣賞",-1,-1,-1,-1,-1,-1,-1,-1,-1,-1,1052
"基礎設計(二C)",-1,-1,-1,-1,-1,-1,-1,-1,-1,-1,1052
"哲學與生活",-1,-1,-1,-1,-1,-1,-1,-1,-1,-1,1052
"景觀設計(二)",-1,-1,-1,-1,-1,-1,-1,-1,64,-1,1052
"設計素描一A",-1,-1,-1,-1,-1,-1,-1,-1,93,-1,1052
"電腦應用概論(一)A",-1,-1,-1,-1,-1,-1,-1,-1,85,-1,1052
"電腦應用概論(一)B",-1,-1,-1,-1,-1,-1,-1,-1,-1,-1,1052
"管理學",-1,-1,-1,-1,74,-1,-1,-1,-1,86,1052
"會計學(二)",-1,-1,-1,-1,-1,-1,-1,-1,-1,-1,1052
"資訊科技導論",-1,-1,-1,-1,-1,-1,-1,-1,-1,-1,1052
"經濟學(二)",-1,-1,-1,-1,63,-1,-1,-1,-1,70,1052
"美食的真相",-1,-1,-1,-1,60,-1,-1,-1,-1,-1,1052
"政治學與當代生活",-1,-1,-1,-1,-1,-1,-1,-1,-1,-1,1052
"商用數學",-1,-1,-1,-1,-1,-1,-1,-1,-1,-1,1052
"初級會計學(二)",-1,-1,-1,-1,-1,-1,-1,-1,-1,85,1052
"管理數學(二)",-1,-1,-1,-1,-1,-1,-1,-1,-1,76,1052
"漢字的奧妙",-1,-1,-1,-1,-1,-1,-1,-1,-1,-1,1052
"民法概要",-1,-1,-1,-1,-1,-1,-1,-1,-1,-1,1052
"初級會計學(一)",-1,-1,-1,-1,-1,-1,-1,-1,-1,-1,1052
"體育特別班心肌組",-1,-1,-1,-1,-1,-1,-1,-1,-1,-1,1052
"會計應用軟體",-1,-1,-1,-1,-1,-1,-1,-1,-1,-1,1052
"NET程式設計",-1,-1,-1,-1,-1,-1,-1,-1,-1,-1,1052
"管理數學 (二)",-1,-1,-1,-1,-1,-1,-1,-1,-1,-1,1052
"企業資料通訊",-1,-1,-1,-1,-1,-1,-1,-1,-1,-1,1052
"樹莓派基礎應用與設計",-1,-1,-1,-1,-1,-1,-1,-1,-1,-1,1052
"哲學概論",-1,-1,-1,-1,-1,-1,-1,-1,-1,-1,1052
"管理數學 (一)",-1,-1,-1,-1,-1,-1,-1,-1,-1,-1,1052
"企業概論",-1,-1,-1,-1,-1,-1,-1,-1,-1,-1,1052
"認知的科學",-1,-1,-1,-1,-1,-1,-1,-1,-1,-1,1052
"會計學",-1,-1,-1,-1,-1,-1,-1,-1,-1,-1,1052
"民法物權",-1,-1,-1,-1,-1,-1,-1,-1,-1,-1,1052
"原生文化與永續發展",-1,-1,-1,-1,-1,-1,-1,-1,-1,-1,1052
"財務數學",-1,-1,-1,-1,-1,-1,-1,-1,-1,-1,1052
"特殊教育見習一B",-1,-1,-1,-1,-1,-1,-1,-1,-1,-1,1052
"中級英語會話(二)A",-1,-1,-1,-1,-1,-1,-1,-1,-1,-1,1052
"英文文法與段落寫作2A",-1,-1,-1,-1,-1,-1,-1,-1,-1,-1,1052
"第二外語會話二(西)",-1,-1,-1,-1,-1,-1,-1,-1,-1,-1,1052
"第二外語文法二(西)",-1,-1,-1,-1,-1,-1,-1,-1,-1,-1,1052
"文學作品導讀(二)",-1,-1,-1,-1,-1,69,-1,-1,-1,-1,1052
"語言學概論(二)",-1,-1,-1,-1,-1,78,-1,-1,-1,-1,1052
"英語檢定技巧",-1,-1,-1,-1,-1,-1,-1,-1,-1,-1,1052
"中級英語會話(二)B",-1,-1,-1,-1,-1,78,-1,-1,-1,-1,1052
"英文文法與段落寫作2B",-1,-1,-1,-1,-1,85,-1,-1,-1,-1,1052
"閱讀與字彙",-1,-1,-1,-1,-1,78,-1,-1,-1,-1,1052
"資訊與電腦概論",-1,-1,-1,-1,-1,86,-1,-1,-1,-1,1052
"第二外語會話二(日)",-1,-1,-1,-1,-1,-1,-1,-1,-1,-1,1052
"第二外語文法二(日)",-1,-1,-1,-1,-1,-1,-1,-1,-1,-1,1052
"第二外語文法二(德)",-1,-1,-1,-1,-1,84,-1,-1,-1,-1,1052
"第二外語會話二(德)",-1,-1,-1,-1,-1,98,-1,-1,-1,-1,1052
"基礎應用數學(二)",-1,-1,-1,-1,-1,-1,-1,-1,-1,-1,1052
"生命與品格典範",-1,-1,-1,-1,-1,-1,-1,-1,-1,-1,1052
"國防軍訓-防衛動員",-1,-1,-1,-1,-1,-1,-1,-1,-1,-1,1052
"生活中的預防醫學",-1,-1,-1,-1,-1,-1,-1,-1,-1,-1,1052
"科技大解密",-1,-1,-1,-1,-1,-1,-1,-1,-1,-1,1052
"普通心理學(下)",-1,-1,-1,-1,-1,-1,-1,-1,-1,-1,1052
"心理及教育統計學(下)",-1,-1,-1,-1,-1,-1,-1,-1,-1,-1,1052
"認知與臨床心理學專題",-1,-1,-1,-1,-1,-1,-1,-1,-1,-1,1052
"生命教育概論",-1,-1,-1,-1,-1,-1,-1,-1,-1,-1,1052
"街頭行動藝術",-1,-1,-1,-1,-1,-1,-1,-1,-1,-1,1052
"壓力處理",-1,-1,-1,-1,-1,-1,-1,-1,-1,-1,1052
"音樂與情緒管理",-1,-1,-1,-1,-1,-1,-1,-1,-1,-1,1052
"認識中國崛起",-1,-1,-1,-1,-1,-1,-1,-1,-1,-1,1052
"化工安全與實驗室安全",-1,-1,-1,-1,-1,-1,-1,-1,-1,-1,1052
"工程材料實驗A",-1,-1,-1,-1,-1,-1,-1,-1,-1,-1,1052
"程式語言",-1,-1,-1,-1,-1,-1,-1,-1,-1,-1,1052
"土木工程導論",-1,-1,-1,-1,-1,-1,-1,-1,-1,-1,1052
"語言與邏輯",-1,-1,-1,-1,-1,-1,-1,-1,-1,-1,1052
"工程材料實驗B",-1,-1,-1,-1,-1,-1,-1,-1,-1,-1,1052
"測量實習",-1,-1,-1,-1,-1,-1,-1,-1,-1,-1,1052
"測量學",-1,-1,-1,-1,-1,-1,-1,-1,-1,-1,1052
"工程材料實驗E",-1,-1,-1,-1,-1,-1,-1,-1,-1,-1,1052
"微積分(上)",-1,-1,-1,-1,-1,-1,-1,-1,-1,-1,1052
"國防軍訓-國防政策",-1,-1,-1,-1,-1,-1,92,-1,-1,-1,1052
"憲法與政府",-1,-1,-1,-1,-1,-1,-1,-1,-1,-1,1052
"超級英雄的物理學",-1,-1,-1,-1,-1,-1,-1,-1,-1,-1,1052
"電力系統",-1,-1,-1,-1,-1,-1,-1,-1,-1,-1,1052
"科技災害導論",-1,-1,-1,-1,-1,-1,-1,-1,-1,-1,1052
"成本會計",-1,-1,-1,-1,-1,-1,-1,-1,-1,-1,1052
"C++程式設計概論",-1,-1,-1,-1,-1,-1,-1,-1,-1,-1,1052
"音樂劇賞析",-1,-1,-1,-1,-1,-1,-1,-1,-1,-1,1052
"創意思解",-1,-1,-1,-1,-1,-1,-1,-1,-1,-1,1052
"毫微米的世界",-1,-1,-1,-1,-1,-1,-1,-1,-1,-1,1052
"音樂基礎訓練",-1,-1,-1,-1,-1,-1,-1,-1,-1,-1,1052
"電腦應用概論(二A)",-1,-1,-1,-1,-1,-1,-1,-1,-1,-1,1052
"素描二A",-1,-1,-1,-1,-1,-1,-1,-1,-1,-1,1052
"綠建築概論",-1,-1,-1,-1,-1,-1,-1,-1,-1,-1,1052
"爵士樂賞析",-1,-1,-1,-1,-1,-1,-1,-1,-1,-1,1052
"財務金融理論與應用",-1,-1,-1,-1,-1,-1,-1,-1,-1,-1,1052
"創意轉化專利講座",-1,-1,-1,-1,-1,-1,-1,-1,-1,-1,1052
"茶文化與文學",-1,-1,-1,-1,-1,-1,-1,-1,-1,-1,1052
"日本國情與文化",-1,-1,-1,-1,-1,-1,-1,-1,-1,-1,1052
"國際禮儀",-1,-1,-1,-1,-1,-1,-1,-1,-1,-1,1052
"環境與幸福生活",-1,-1,-1,-1,-1,-1,-1,-1,-1,-1,1052
"Java程式設計",-1,-1,-1,-1,-1,-1,-1,-1,-1,-1,1052
"企業資源規劃導論",-1,-1,-1,-1,-1,-1,-1,-1,-1,-1,1052
"義大利歌劇賞析",-1,-1,-1,-1,-1,-1,-1,-1,-1,-1,1052
"閱聽人分析",-1,-1,-1,-1,-1,-1,-1,-1,-1,-1,1052
"特教教師專業倫理",-1,-1,-1,-1,-1,-1,-1,-1,-1,-1,1052
"華語語音學",-1,-1,-1,-1,-1,-1,-1,-1,-1,-1,1052
"漢語語言學概論(二)",-1,-1,-1,-1,-1,-1,-1,-1,-1,-1,1052
"全球文化講座",-1,-1,-1,-1,-1,-1,-1,-1,-1,-1,1052
"建築設計 (三)",-1,-1,-1,-1,-1,-1,-1,-1,-1,-1,1061
"世界建築史",-1,-1,-1,-1,-1,-1,-1,-1,-1,-1,1061
"建築物理",-1,-1,-1,-1,-1,-1,-1,-1,-1,-1,1061
"應用力學及材料力學",-1,-1,-1,-1,-1,-1,-1,-1,-1,-1,1061
"飛盤",-1,-1,-1,-1,-1,-1,-1,-1,-1,-1,1061
"實用英文（一）",87,86,85,66,-1,-1,62,65,79,-1,1061
"環境景觀概論",-1,-1,-1,-1,-1,-1,-1,-1,-1,-1,1061
"永續發展導論",-1,-1,-1,-1,-1,-1,-1,-1,87,-1,1061
"電腦繪圖學(一)",-1,-1,-1,-1,-1,-1,-1,-1,-1,-1,1061
"廣告創意與策略一A",-1,-1,-1,-1,-1,-1,-1,-1,-1,-1,1061
"媒體傳達設計一A",-1,-1,-1,-1,-1,-1,-1,-1,-1,-1,1061
"基礎設計三A",-1,-1,-1,-1,-1,-1,-1,-1,-1,-1,1061
"行銷與企劃",-1,-1,-1,-1,-1,-1,-1,-1,-1,-1,1061
"排球(男)一",-1,-1,-1,-1,-1,-1,-1,-1,-1,-1,1061
"西洋當代美術史一",-1,-1,-1,-1,-1,-1,-1,-1,-1,-1,1061
"數位音樂實務(一)",-1,-1,-1,-1,-1,-1,-1,-1,-1,-1,1061
"編輯設計",-1,-1,-1,-1,-1,-1,-1,-1,-1,-1,1061
"商業攝影實務一",-1,-1,-1,-1,-1,-1,-1,-1,-1,-1,1061
"設計倫理",-1,-1,-1,-1,-1,-1,-1,-1,-1,-1,1061
"觀看與影像實踐",-1,-1,-1,-1,-1,-1,-1,-1,-1,-1,1061
"藝術概論",-1,-1,-1,-1,-1,-1,-1,-1,96,-1,1061
"敷地計畫",-1,-1,-1,-1,-1,-1,-1,-1,72,-1,1061
"籃球(男)二",-1,-1,-1,-1,-1,-1,-1,-1,-1,-1,1061
"電腦應用概論(二)",-1,-1,-1,-1,-1,-1,-1,-1,-1,-1,1061
"景觀設計(一)",-1,-1,-1,-1,-1,-1,-1,-1,-1,-1,1061
"空間與文化",-1,-1,-1,-1,-1,-1,-1,-1,85,-1,1061
"植栽設計(一)",-1,-1,-1,-1,-1,-1,-1,-1,83,-1,1061
"景觀設計表現法",-1,-1,-1,-1,-1,-1,-1,-1,87,-1,1061
"哲學與生活",-1,92,-1,-1,-1,-1,-1,-1,-1,-1,1061
"敷地計畫實習",-1,-1,-1,-1,-1,-1,-1,-1,72,-1,1061
"植栽設計實習(一)",-1,-1,-1,-1,-1,-1,-1,-1,83,-1,1061
"景觀設計表現法實習",-1,-1,-1,-1,-1,-1,-1,-1,87,-1,1061
"文化思想史",88,-1,71,-1,-1,-1,60,-1,-1,-1,1061
"國際貿易理論與政策一",-1,-1,-1,-1,-1,-1,-1,-1,-1,-1,1061
"統計學(一)",-1,-1,-1,-1,70,-1,-1,-1,-1,67,1061
"實用英文一",-1,-1,-1,-1,66,-1,-1,-1,-1,77,1061
"商事法",-1,-1,-1,-1,-1,-1,-1,-1,-1,-1,1061
"管理學",-1,-1,-1,-1,-1,-1,-1,-1,-1,-1,1061
"總體經濟學(一)",-1,-1,-1,-1,-1,-1,-1,-1,-1,-1,1061
"商用西班牙語(一)",-1,-1,-1,-1,-1,-1,-1,-1,-1,-1,1061
"民法債篇總論",79,-1,-1,-1,-1,-1,-1,-1,-1,-1,1061
"刑法分則",81,-1,-1,-1,-1,-1,-1,-1,-1,-1,1061
"民法物權",86,-1,-1,-1,-1,-1,-1,-1,-1,-1,1061
"民法親屬",65,-1,-1,-1,-1,-1,-1,-1,-1,-1,1061
"行政法",75,-1,-1,-1,-1,-1,-1,-1,-1,-1,1061
"人生哲學",94,-1,-1,-1,-1,94,64,92,-1,91,1061
"自然科學導論",94,-1,-1,-1,-1,-1,-1,-1,-1,-1,1061
"網球(女)一",90,-1,-1,-1,-1,-1,-1,-1,-1,-1,1061
"會計學",98,-1,-1,-1,-1,-1,-1,-1,-1,-1,1061
"法學英文（一）",78,-1,-1,-1,-1,-1,-1,-1,-1,-1,1061
"日文(一)",88,-1,-1,-1,-1,-1,-1,-1,-1,-1,1061
"金融講堂",-1,-1,-1,-1,-1,-1,-1,-1,-1,-1,1061
"桌球(女)一",-1,-1,-1,-1,62,-1,-1,-1,-1,-1,1061
"爵士舞(男.女)一",-1,-1,-1,-1,-1,-1,-1,-1,-1,-1,1061
"特殊教育學生評量",-1,-1,-1,-1,-1,-1,-1,-1,-1,-1,1061
"教學原理",-1,-1,-1,-1,-1,-1,-1,-1,-1,-1,1061
"價值判斷與分析",-1,-1,-1,-1,-1,-1,-1,-1,-1,-1,1061
"聽力學",-1,-1,-1,-1,-1,-1,-1,-1,-1,-1,1061
"兒童認知與學習概論",-1,-1,-1,-1,-1,-1,-1,-1,-1,-1,1061
"特殊教育見習二A",-1,-1,-1,-1,-1,-1,-1,-1,-1,-1,1061
"普通心理學(上)",-1,-1,-1,-1,-1,-1,-1,-1,-1,-1,1061
"心理及教育統計學(上)",-1,-1,-1,-1,-1,-1,-1,-1,-1,-1,1061
"行為改變技術",-1,-1,-1,-1,-1,-1,-1,-1,-1,-1,1061
"宗教哲學",-1,96,-1,87,-1,-1,-1,-1,-1,-1,1061
"機率論",-1,-1,-1,-1,-1,-1,-1,-1,-1,-1,1061
"線性代數(一)",-1,-1,-1,-1,-1,-1,-1,-1,-1,-1,1061
"高等微積分(一)",-1,-1,-1,-1,-1,-1,-1,-1,-1,-1,1061
"作業系統",-1,-1,-1,-1,-1,-1,-1,-1,-1,-1,1061
"保齡球一(男.女)",-1,-1,-1,-1,-1,-1,-1,-1,-1,-1,1061
"創意思解",-1,-1,-1,-1,-1,-1,-1,-1,-1,-1,1061
"數學英文",-1,-1,-1,-1,-1,-1,-1,-1,-1,-1,1061
"法律與現代生活",-1,-1,-1,-1,-1,-1,-1,-1,-1,-1,1061
"網球一",-1,-1,-1,-1,-1,-1,-1,-1,-1,-1,1061
"科學與倫理",-1,-1,-1,-1,-1,-1,-1,-1,-1,-1,1061
"政治學與當代生活",-1,-1,-1,-1,-1,-1,-1,-1,-1,-1,1061
"區域文明史",-1,-1,-1,-1,-1,-1,-1,-1,92,-1,1061
"計算機概論(一)",-1,-1,-1,-1,-1,-1,-1,-1,-1,-1,1061
"中西哲學的生死關懷",-1,-1,-1,-1,-1,-1,-1,-1,-1,-1,1061
"體育(男)一",-1,-1,-1,-1,-1,-1,-1,-1,-1,-1,1061
"多元文化概論",-1,-1,-1,-1,-1,-1,-1,-1,-1,-1,1061
"漢字的奧妙",-1,-1,-1,-1,-1,-1,-1,-1,-1,-1,1061
"生產與作業管理",-1,-1,-1,-1,66,-1,-1,-1,-1,-1,1061
"籃球(男)一",-1,80,0,-1,-1,-1,-1,-1,-1,-1,1061
"會計學(一)",-1,-1,-1,-1,-1,-1,-1,-1,-1,-1,1061
"管理數學",-1,-1,-1,-1,-1,-1,-1,-1,-1,-1,1061
"組織行為",-1,-1,-1,-1,62,-1,-1,-1,-1,-1,1061
"電磁學(一)",-1,-1,-1,-1,-1,-1,-1,-1,-1,-1,1061
"應用數學(一)",-1,-1,-1,-1,-1,-1,-1,-1,-1,-1,1061
"力學(一)",-1,-1,-1,-1,-1,-1,-1,-1,-1,-1,1061
"科學哲學",-1,-1,-1,-1,-1,-1,-1,-1,-1,-1,1061
"國防軍訓-防衛動員",-1,-1,-1,-1,-1,-1,-1,-1,-1,-1,1061
"天文學導論",-1,-1,-1,-1,-1,-1,-1,-1,-1,-1,1061
"游泳(男)一",-1,-1,-1,-1,-1,-1,-1,-1,-1,-1,1061
"新世代的科學夢",-1,-1,-1,-1,-1,-1,-1,-1,-1,-1,1061
"中醫科學觀",-1,-1,-1,-1,-1,-1,-1,-1,-1,-1,1061
"材料科學導論",-1,-1,-1,-1,-1,-1,-1,-1,-1,-1,1061
"田徑(男.女) 一",-1,-1,-1,-1,-1,-1,-1,-1,-1,-1,1061
"壘球(男)一",-1,-1,-1,-1,-1,-1,-1,-1,-1,-1,1061
"基礎力學",-1,-1,-1,-1,-1,-1,-1,-1,-1,-1,1061
"音樂創作新思維",-1,-1,-1,-1,-1,-1,-1,-1,-1,-1,1061
"光電導論",-1,-1,-1,-1,-1,-1,-1,-1,-1,-1,1061
"台灣政治與民主",-1,-1,-1,78,-1,-1,-1,-1,-1,91,1061
"運動經絡按摩",-1,-1,-1,-1,-1,-1,-1,-1,-1,-1,1061
"分析化學(一)",-1,-1,-1,-1,-1,-1,-1,-1,-1,-1,1061
"分析化學實驗(一)",-1,-1,-1,-1,-1,-1,-1,-1,-1,-1,1061
"化學數學",-1,-1,-1,-1,-1,-1,-1,-1,-1,-1,1061
"材料科學(一)",-1,-1,-1,-1,-1,-1,-1,-1,-1,-1,1061
"有機化學(一)",-1,-1,-1,-1,-1,-1,-1,-1,-1,-1,1061
"有機化學實驗(一)",-1,-1,-1,-1,-1,-1,-1,-1,-1,-1,1061
"材料化學實驗",-1,-1,-1,-1,-1,-1,-1,-1,-1,-1,1061
"化學研究導論",-1,-1,-1,-1,-1,-1,-1,-1,-1,-1,1061
"體育特別班體控組",-1,-1,-1,-1,-1,-1,-1,-1,-1,-1,1061
"生物化學實驗(一)",-1,-1,-1,-1,-1,-1,-1,-1,-1,-1,1061
"生物化學(一)",-1,-1,-1,-1,-1,-1,-1,-1,-1,-1,1061
"普通物理(一)",-1,-1,-1,-1,-1,-1,-1,-1,-1,-1,1061
"中醫藥學",-1,-1,-1,-1,-1,-1,-1,-1,-1,-1,1061
"營養學",-1,-1,-1,-1,-1,-1,-1,-1,-1,-1,1061
"食品科學概論",-1,-1,-1,-1,-1,-1,-1,-1,-1,-1,1061
"保健與藥用植物概論",-1,-1,-1,-1,-1,-1,-1,-1,-1,-1,1061
"程式設計",-1,-1,-1,-1,-1,-1,-1,-1,-1,-1,1061
"輸送現象與單元操作一",-1,-1,-1,-1,-1,-1,-1,-1,-1,-1,1061
"物理化學(一)",-1,-1,-1,-1,-1,-1,-1,-1,-1,-1,1061
"排球(女)一",-1,-1,-1,-1,-1,87,-1,-1,-1,-1,1061
"有機化學",-1,-1,-1,-1,-1,-1,-1,-1,-1,-1,1061
"有機化學實驗",-1,-1,-1,-1,-1,-1,-1,-1,-1,-1,1061
"工程數學(一)",-1,72,62,63,-1,-1,75,84,-1,-1,1061
"工程與法律",-1,-1,-1,-1,-1,-1,-1,-1,-1,-1,1061
"生活化學應用",-1,-1,-1,-1,-1,-1,-1,-1,-1,-1,1061
"科學與工程英文",-1,-1,-1,-1,-1,-1,-1,-1,-1,-1,1061
"攝影的藝術",-1,-1,-1,-1,-1,-1,-1,-1,-1,-1,1061
"生態藝術",-1,-1,-1,-1,-1,-1,-1,-1,-1,-1,1061
"飲食自覺與營養管理",-1,-1,-1,-1,-1,-1,-1,-1,-1,-1,1061
"當代人權議題與挑戰",-1,-1,-1,-1,-1,-1,-1,-1,-1,-1,1061
"水文學",-1,-1,-1,-1,-1,-1,-1,-1,-1,-1,1061
"工程統計學(一)",-1,-1,-1,-1,-1,-1,-1,-1,-1,-1,1061
"應用力學",-1,-1,-1,-1,-1,-1,-1,-1,-1,-1,1061
"施工測量與實習",-1,-1,-1,-1,-1,-1,-1,-1,-1,-1,1061
"音樂劇賞析",-1,-1,-1,-1,-1,-1,-1,-1,72,-1,1061
"國防軍訓-國防政策",-1,-1,-1,-1,-1,-1,-1,-1,-1,-1,1061
"動力學",-1,-1,-1,-1,-1,-1,60,-1,-1,-1,1061
"熱力學(一)",-1,-1,-1,-1,-1,-1,44,-1,-1,-1,1061
"工程數學演習（一）",-1,-1,-1,-1,-1,-1,70,-1,-1,-1,1061
"工場實習 (一)",-1,-1,-1,-1,-1,-1,80,-1,-1,-1,1061
"機械材料",-1,-1,-1,-1,-1,-1,40,-1,-1,-1,1061
"機械製造",-1,-1,-1,-1,-1,-1,48,-1,-1,-1,1061
"嵌入式系統實驗(一)",-1,-1,-1,-1,-1,-1,-1,-1,-1,-1,1061
"組合語言與嵌入式系統",-1,-1,61,60,-1,-1,-1,-1,-1,-1,1061
"電路實驗",-1,89,81,89,-1,-1,-1,95,-1,-1,1061
"數位邏輯電路設計",-1,79,75,64,-1,-1,-1,78,-1,-1,1061
"電路學",-1,-1,78,75,-1,-1,-1,-1,-1,-1,1061
"資料結構",-1,-1,-1,60,-1,-1,-1,-1,-1,-1,1061
"臺灣鄉土小說選讀",-1,-1,-1,-1,-1,-1,-1,-1,-1,-1,1061
"機率與統計(一)",-1,-1,-1,-1,-1,-1,-1,-1,-1,-1,1061
"工作研究",-1,-1,-1,-1,-1,-1,-1,-1,-1,-1,1061
"工作研究實驗",-1,-1,-1,-1,-1,-1,-1,-1,-1,-1,1061
"工程圖學",-1,-1,-1,-1,-1,-1,-1,-1,-1,-1,1061
"體適能一(男)",-1,-1,-1,-1,-1,-1,-1,-1,-1,-1,1061
"生命教育概論",-1,-1,-1,-1,-1,-1,-1,-1,-1,95,1061
"工程倫理",-1,-1,-1,-1,-1,-1,-1,-1,-1,-1,1061
"創意轉化專利講座",-1,-1,-1,-1,-1,-1,-1,-1,-1,-1,1061
"生物化學",-1,-1,-1,-1,-1,-1,-1,-1,-1,-1,1061
"有氧舞蹈 (男.女)一",-1,-1,-1,-1,-1,-1,-1,-1,-1,-1,1061
"近代物理",-1,-1,-1,-1,-1,-1,-1,-1,-1,-1,1061
"時間的奧秘",-1,-1,-1,-1,-1,-1,-1,-1,-1,-1,1061
"保健物理",-1,-1,-1,-1,-1,-1,-1,-1,-1,-1,1061
"微處理機",-1,-1,-1,-1,-1,-1,-1,-1,-1,-1,1061
"醫工英文(一)",-1,-1,-1,-1,-1,-1,-1,-1,-1,-1,1061
"機率與統計",-1,60,-1,-1,-1,-1,-1,71,-1,-1,1061
"電子學(一)",-1,60,-1,-1,-1,-1,-1,70,-1,-1,1061
"電路學(一)",-1,68,-1,-1,-1,-1,-1,93,-1,-1,1061
"愛情關係管理",-1,-1,-1,-1,-1,-1,-1,-1,-1,-1,1061
"物聯網創意設計(一)",-1,87,-1,-1,-1,-1,-1,-1,-1,-1,1061
"宗教音樂賞析",-1,93,-1,-1,-1,-1,-1,-1,-1,-1,1061
"語言與邏輯",-1,-1,-1,-1,-1,-1,-1,-1,-1,-1,1061
"性別平等與現代社會",-1,-1,-1,-1,-1,-1,-1,-1,-1,-1,1061
"茶文化與文學",-1,-1,-1,-1,-1,-1,-1,-1,-1,-1,1061
"建築設計 (一)",-1,-1,-1,-1,-1,-1,-1,-1,-1,-1,1061
"建築概論",-1,-1,-1,-1,-1,-1,-1,-1,-1,-1,1061
"建築基礎(一)",-1,-1,-1,-1,-1,-1,-1,-1,-1,-1,1061
"素描一A",-1,-1,-1,-1,-1,-1,-1,-1,-1,-1,1061
"高爾夫(男.女)一",-1,-1,-1,-1,-1,-1,-1,-1,-1,-1,1061
"國防軍訓-國際情勢",-1,-1,-1,-1,-1,-1,83,-1,-1,-1,1061
"羽球(男.女)一",-1,-1,-1,-1,-1,-1,-1,75,-1,-1,1061
"中文經典閱讀",-1,-1,-1,-1,-1,-1,-1,-1,-1,-1,1061
"羽球(男)一",-1,-1,-1,-1,-1,-1,-1,-1,-1,-1,1061
"創業標竿講座",-1,-1,-1,-1,-1,-1,-1,-1,-1,-1,1061
"毫微米的世界",-1,-1,-1,-1,-1,-1,-1,-1,-1,-1,1061
"環境與幸福生活",-1,-1,-1,-1,-1,-1,-1,-1,-1,-1,1061
"國防軍訓-國防科技",-1,-1,-1,-1,-1,-1,-1,-1,-1,-1,1061
"多媒體程式設計",-1,-1,-1,-1,-1,-1,-1,-1,-1,-1,1061
"網路程式設計",-1,-1,-1,-1,-1,-1,-1,-1,-1,-1,1061
"經濟學(一)",-1,-1,-1,-1,-1,-1,-1,-1,-1,-1,1061
"桌球(男.女)一",-1,-1,-1,84,-1,-1,-1,-1,-1,-1,1061
"生命與品格典範",-1,-1,-1,-1,-1,-1,-1,-1,-1,-1,1061
"國防軍訓-全民國防",-1,-1,-1,-1,-1,-1,-1,-1,-1,-1,1061
"創業模擬經營實務",-1,-1,-1,-1,-1,-1,-1,-1,-1,-1,1061
"微積分(上)",-1,-1,-1,-1,-1,-1,-1,-1,-1,-1,1061
"訊號與系統",-1,-1,-1,-1,-1,-1,-1,-1,-1,-1,1061
"文學經典閱讀",-1,-1,-1,-1,-1,-1,-1,-1,-1,-1,1061
"普通物理(二)",-1,-1,-1,-1,-1,-1,-1,-1,-1,-1,1061
"普通物理實驗(二)",-1,-1,-1,-1,-1,-1,-1,-1,-1,-1,1061
"工程數學(二)",-1,-1,-1,-1,-1,-1,-1,-1,-1,-1,1061
"電路學(二)",-1,-1,-1,-1,-1,-1,-1,-1,-1,-1,1061
"再生能源導論",-1,-1,-1,-1,-1,-1,-1,-1,-1,-1,1061
"行政法與公共事務",-1,-1,-1,-1,-1,-1,-1,-1,-1,-1,1061
"個人健康管理",-1,-1,-1,-1,-1,78,-1,-1,-1,-1,1061
"社會與個人",-1,-1,-1,-1,-1,-1,-1,-1,-1,-1,1061
"數位電路",-1,-1,-1,-1,-1,-1,-1,-1,-1,-1,1061
"建築構造(一)",-1,-1,-1,-1,-1,-1,-1,-1,-1,-1,1061
"建築工藝實作研習",-1,-1,-1,-1,-1,-1,-1,-1,-1,-1,1061
"工程材料學",-1,-1,-1,-1,-1,-1,-1,-1,-1,-1,1061
"電腦輔助繪圖(一)",-1,-1,-1,-1,-1,-1,-1,-1,-1,-1,1061
"材料及構造(一)",-1,-1,-1,-1,-1,-1,-1,-1,-1,-1,1061
"室內設計史(一)",-1,-1,-1,-1,-1,-1,-1,-1,-1,-1,1061
"家具規劃",-1,-1,-1,-1,-1,-1,-1,-1,-1,-1,1061
"色彩學",-1,-1,-1,-1,-1,-1,-1,-1,-1,-1,1061
"室內設計 (一)",-1,-1,-1,-1,-1,-1,-1,-1,-1,-1,1061
"人因工程",-1,-1,-1,-1,-1,-1,-1,-1,-1,-1,1061
"羽球(女)一",-1,-1,-1,-1,-1,-1,-1,-1,-1,-1,1061
"室內裝飾專題",-1,-1,-1,-1,-1,-1,-1,-1,-1,-1,1061
"媒體傳達設計一C",-1,-1,-1,-1,-1,-1,-1,-1,-1,-1,1061
"基礎設計三B",-1,-1,-1,-1,-1,-1,-1,-1,-1,-1,1061
"設計繪畫三B",-1,-1,-1,-1,-1,-1,-1,-1,-1,-1,1061
"動態影像設計",-1,-1,-1,-1,-1,-1,-1,-1,-1,-1,1061
"動態影像與後製",-1,-1,-1,-1,-1,-1,-1,-1,-1,-1,1061
"設計與智財權",-1,-1,-1,-1,-1,-1,-1,-1,-1,-1,1061
"文化造形設計",-1,-1,-1,-1,-1,-1,-1,-1,-1,-1,1061
"設計繪畫三C",-1,-1,-1,-1,-1,-1,-1,-1,-1,-1,1061
"廣告創意與策略一B",-1,-1,-1,-1,-1,-1,-1,-1,-1,-1,1061
"基礎設計三C",-1,-1,-1,-1,-1,-1,-1,-1,-1,-1,1061
"韻律一",-1,-1,-1,-1,-1,-1,-1,-1,-1,-1,1061
"中國美術史一",-1,-1,-1,-1,-1,-1,-1,-1,-1,-1,1061
"插畫",-1,-1,-1,-1,-1,-1,-1,-1,-1,-1,1061
"媒體傳達設計一B",-1,-1,-1,-1,-1,-1,-1,-1,-1,-1,1061
"表現技法",-1,-1,-1,-1,-1,-1,-1,-1,-1,-1,1061
"電腦應用概論(二A)",-1,-1,-1,-1,-1,-1,-1,-1,-1,-1,1061
"景觀設計(三)",-1,-1,-1,-1,-1,-1,-1,-1,76,-1,1061
"景觀史",-1,-1,-1,-1,-1,-1,-1,-1,87,-1,1061
"結構與造形",-1,-1,-1,-1,-1,-1,-1,-1,92,-1,1061
"電腦應用概論(二B)",-1,-1,-1,-1,-1,-1,-1,-1,85,-1,1061
"室內設計概論(一)",-1,-1,-1,-1,-1,-1,-1,-1,-1,-1,1061
"中級會計學(一)",-1,-1,-1,-1,-1,-1,-1,-1,-1,49,1061
"行銷管理學",-1,-1,-1,-1,51,-1,-1,-1,-1,-1,1061
"生活社會學",-1,-1,-1,-1,-1,-1,-1,-1,-1,-1,1061
"財務管理",-1,-1,-1,-1,46,-1,-1,-1,-1,-1,1061
"街頭行動藝術",-1,-1,-1,-1,83,-1,-1,-1,-1,-1,1061
"國際禮儀",-1,-1,-1,-1,0,-1,-1,-1,-1,-1,1061
"圖學(一)",-1,-1,-1,-1,-1,-1,-1,-1,-1,-1,1061
"素描一B",-1,-1,-1,-1,-1,-1,-1,-1,-1,-1,1061
"環境體驗(一)",-1,-1,-1,-1,-1,-1,-1,-1,-1,-1,1061
"台灣本土植物",-1,-1,-1,-1,-1,-1,-1,-1,-1,-1,1061
"景觀學概論(一)",-1,-1,-1,-1,-1,-1,-1,-1,-1,-1,1061
"素描實習",-1,-1,-1,-1,-1,-1,-1,-1,-1,-1,1061
"環境調查實習(一)",-1,-1,-1,-1,-1,-1,-1,-1,-1,-1,1061
"圖學實習(一)",-1,-1,-1,-1,-1,-1,-1,-1,-1,-1,1061
"中西哲學家的生命觀",-1,-1,-1,-1,-1,-1,-1,-1,-1,-1,1061
"全方位領導",-1,-1,-1,-1,-1,-1,-1,-1,-1,-1,1061
"大陸人管實務講座",-1,-1,-1,-1,-1,-1,-1,-1,-1,-1,1061
"績效管理",-1,-1,-1,-1,-1,-1,-1,-1,-1,-1,1061
"商用日文 (一)",-1,-1,-1,-1,-1,-1,-1,-1,-1,-1,1061
"財政學",-1,-1,-1,-1,-1,-1,-1,-1,-1,-1,1061
"臺灣文化資產賞析",-1,-1,-1,-1,-1,-1,-1,-1,-1,-1,1061
"個體經濟學(一)",-1,-1,-1,-1,-1,-1,-1,-1,-1,-1,1061
"稅務法規",-1,-1,-1,-1,-1,-1,-1,-1,-1,88,1061
"商事法(一)",-1,-1,-1,-1,-1,-1,-1,-1,-1,69,1061
"貨幣銀行學",-1,-1,-1,-1,-1,-1,-1,-1,-1,-1,1061
"稅法總論",-1,-1,-1,-1,-1,-1,-1,-1,-1,-1,1061
"全球原住民族文化",-1,-1,-1,-1,-1,-1,-1,-1,-1,-1,1061
"財產及土地稅法",-1,-1,-1,-1,-1,-1,-1,-1,-1,-1,1061
"生命科學概論",-1,-1,-1,-1,-1,-1,-1,-1,-1,-1,1061
"體育特別班心肌組",-1,-1,-1,-1,-1,-1,-1,-1,-1,-1,1061
"綠色生活與永續環境",-1,-1,-1,-1,-1,-1,-1,-1,-1,-1,1061
"初級會計學(一)",-1,-1,-1,-1,-1,-1,-1,-1,-1,-1,1061
"網球(男)一",-1,-1,-1,-1,-1,-1,-1,-1,-1,-1,1061
"不動產經營管理講座",-1,-1,-1,-1,-1,-1,-1,-1,-1,-1,1061
"證券市場分析(一)",-1,-1,-1,-1,-1,-1,-1,-1,-1,-1,1061
"投資學",-1,-1,-1,-1,-1,-1,-1,-1,-1,-1,1061
"社群網路應用程式開發",-1,-1,-1,-1,-1,-1,-1,-1,-1,-1,1061
"雲端計算導論",-1,-1,-1,-1,-1,-1,-1,-1,-1,-1,1061
"樹莓派進階應用與設計",-1,-1,-1,-1,-1,-1,-1,-1,-1,-1,1061
"法律與經濟",-1,-1,-1,-1,-1,-1,-1,-1,-1,-1,1061
"法學緒論",-1,-1,-1,-1,-1,-1,-1,-1,-1,-1,1061
"民法總則",-1,-1,-1,-1,-1,-1,-1,-1,-1,-1,1061
"憲法",-1,-1,-1,-1,-1,-1,-1,-1,-1,-1,1061
"刑法總則",-1,-1,-1,-1,-1,-1,-1,-1,-1,-1,1061
"財務管理(一)",-1,-1,-1,-1,-1,-1,-1,-1,-1,-1,1061
"個體經濟學",-1,-1,-1,-1,-1,-1,-1,-1,-1,-1,1061
"證券金融商品法規合約",-1,-1,-1,-1,-1,-1,-1,-1,-1,-1,1061
"人生管理講座",-1,-1,-1,-1,-1,-1,-1,-1,-1,-1,1061
"特殊教育見習二B",-1,-1,-1,-1,-1,-1,-1,-1,-1,-1,1061
"資賦優異教育概論",-1,-1,-1,-1,-1,-1,-1,-1,-1,-1,1061
"第二外語文法一(西)",-1,-1,-1,-1,-1,-1,-1,-1,-1,-1,1061
"中英翻譯(一)A",-1,-1,-1,-1,-1,-1,-1,-1,-1,-1,1061
"第二外語文法三(西)",-1,-1,-1,-1,-1,-1,-1,-1,-1,-1,1061
"第二外語會話三(西)",-1,-1,-1,-1,-1,-1,-1,-1,-1,-1,1061
"中高級英語會話(一)A",-1,-1,-1,-1,-1,-1,-1,-1,-1,-1,1061
"英文文法與寫作(一)A",-1,-1,-1,-1,-1,-1,-1,-1,-1,-1,1061
"西洋文學概論",-1,-1,-1,-1,-1,-1,-1,-1,-1,-1,1061
"英語語音學",-1,-1,-1,-1,-1,-1,-1,-1,-1,-1,1061
"中英翻譯(一)B",-1,-1,-1,-1,-1,86,-1,-1,-1,-1,1061
"中高級英語會話(一)B",-1,-1,-1,-1,-1,75,-1,-1,-1,-1,1061
"英文文法與寫作(一)B",-1,-1,-1,-1,-1,83,-1,-1,-1,-1,1061
"英語演說",-1,-1,-1,-1,-1,83,-1,-1,-1,-1,1061
"跨文化溝通",-1,-1,-1,-1,-1,82,-1,-1,-1,-1,1061
"第二外語文法三 (日)",-1,-1,-1,-1,-1,-1,-1,-1,-1,-1,1061
"第二外語會話三 (日)",-1,-1,-1,-1,-1,-1,-1,-1,-1,-1,1061
"外語習得",-1,-1,-1,-1,-1,85,-1,-1,-1,-1,1061
"視譯入門",-1,-1,-1,-1,-1,76,-1,-1,-1,-1,1061
"第二外語文法三 (德)",-1,-1,-1,-1,-1,70,-1,-1,-1,-1,1061
"第二外語會話三 (德)",-1,-1,-1,-1,-1,96,-1,-1,-1,-1,1061
"當代商業實務",-1,-1,-1,-1,-1,90,-1,-1,-1,-1,1061
"運動與健康",-1,-1,-1,-1,-1,-1,-1,-1,-1,-1,1061
"溝通與口語創意表達",-1,-1,-1,-1,-1,-1,-1,-1,-1,-1,1061
"特殊教育導論",-1,-1,-1,-1,-1,-1,-1,-1,-1,-1,1061
"學習評量",-1,-1,-1,-1,-1,-1,-1,-1,-1,-1,1061
"課程發展與設計",-1,-1,-1,-1,-1,-1,-1,-1,-1,-1,1061
"日本國情與文化",-1,-1,-1,-1,-1,-1,-1,-1,-1,-1,1061
"動漫文學",-1,-1,-1,-1,-1,-1,-1,-1,-1,-1,1061
"光電奈米材料",-1,-1,-1,-1,-1,-1,-1,-1,-1,-1,1061
"物理講座",-1,-1,-1,-1,-1,-1,-1,-1,-1,-1,1061
"民刑法與公民社會",-1,-1,-1,-1,-1,-1,-1,-1,-1,-1,1061
"流行舞蹈",-1,-1,-1,-1,-1,-1,-1,-1,-1,-1,1061
"經濟學的世界",-1,-1,-1,-1,-1,-1,-1,-1,-1,-1,1061
"基督教信仰與婚姻觀",-1,-1,-1,-1,-1,-1,-1,-1,-1,-1,1061
"音樂基礎訓練",-1,-1,-1,-1,-1,-1,-1,-1,-1,-1,1061
"行政學與公共管理",-1,-1,-1,-1,-1,-1,-1,-1,-1,-1,1061
"食品與健康",-1,-1,-1,-1,-1,-1,-1,-1,-1,-1,1061
"心理實驗法(上)",-1,-1,-1,-1,-1,-1,-1,-1,-1,-1,1061
"心理實驗法實驗(上)",-1,-1,-1,-1,-1,-1,-1,-1,-1,-1,1061
"心理測驗(上)",-1,-1,-1,-1,-1,-1,-1,-1,-1,-1,1061
"發展心理學",-1,-1,-1,-1,-1,-1,-1,-1,-1,-1,1061
"學校輔導工作概論",-1,-1,-1,-1,-1,-1,-1,-1,-1,-1,1061
"諮商概論",-1,-1,-1,-1,-1,-1,-1,-1,-1,-1,1061
"變態心理學",-1,-1,-1,-1,-1,-1,-1,-1,-1,-1,1061
"生涯輔導",-1,-1,-1,-1,-1,-1,-1,-1,-1,-1,1061
"教育概論",-1,-1,-1,-1,-1,-1,-1,-1,-1,-1,1061
"科技與藝術",-1,-1,-1,-1,-1,-1,-1,-1,-1,-1,1061
"心理會談技巧",-1,-1,-1,-1,-1,-1,-1,-1,-1,-1,1061
"現代精神醫學與心理學",-1,-1,-1,-1,-1,-1,-1,-1,-1,-1,1061
"健康心理學",-1,-1,-1,-1,-1,-1,-1,-1,-1,-1,1061
"生理心理學",-1,-1,-1,-1,-1,-1,-1,-1,-1,-1,1061
"綜合活動學習領域",-1,-1,-1,-1,-1,-1,-1,-1,-1,-1,1061
"助人專業倫理",-1,-1,-1,-1,-1,-1,-1,-1,-1,-1,1061
"教育心理學",-1,-1,-1,-1,-1,-1,-1,-1,-1,-1,1061
"傳播與文化",-1,-1,-1,-1,-1,-1,-1,-1,-1,-1,1061
"國際現勢",-1,-1,-1,-1,-1,-1,-1,-1,-1,-1,1061
"排球一(男.女)",-1,-1,-1,-1,-1,-1,-1,-1,-1,-1,1061
"心理健康與調適",-1,-1,-1,-1,-1,-1,-1,-1,-1,-1,1061
"科學與信仰",-1,-1,-1,-1,-1,-1,-1,-1,-1,-1,1061
"行為控制學",-1,-1,-1,-1,-1,-1,-1,-1,-1,-1,1061
"英語聽講(一)",-1,-1,-1,-1,-1,-1,-1,-1,-1,-1,1061
"單元操作與輸送現象一",-1,-1,-1,-1,-1,-1,-1,-1,-1,-1,1061
"國際創業領袖體驗講座",-1,-1,-1,-1,-1,-1,-1,-1,-1,-1,1061
"爵士樂賞析",-1,-1,-1,-1,-1,-1,-1,-1,-1,-1,1061
"工程英文",-1,-1,-1,-1,-1,-1,-1,-1,-1,-1,1061
"營建管理",-1,-1,-1,-1,-1,-1,-1,-1,-1,-1,1061
"土木工程競賽專題",-1,-1,-1,-1,-1,-1,-1,-1,-1,-1,1061
"資料庫應用",-1,-1,-1,-1,-1,-1,-1,-1,-1,-1,1061
"普通物理實驗(一)",-1,-1,-1,-1,-1,-1,-1,-1,-1,-1,1061
"生命倫理學",-1,-1,-1,-1,-1,-1,-1,-1,-1,-1,1061
"測量學",-1,-1,-1,-1,-1,-1,-1,-1,-1,-1,1061
"普通物理",-1,-1,-1,-1,-1,-1,-1,-1,-1,-1,1061
"音樂的構成",-1,-1,-1,-1,-1,-1,-1,-1,-1,-1,1061
"工程經濟",-1,-1,-1,-1,-1,-1,-1,-1,-1,-1,1061
"電子電路概論",-1,-1,-1,-1,-1,-1,-1,-1,-1,-1,1061
"線性代數",-1,-1,-1,-1,-1,-1,-1,-1,-1,-1,1061
"籃球(女)一",-1,-1,-1,-1,-1,-1,-1,-1,-1,-1,1061
"醫工英文(二)",-1,-1,-1,-1,-1,-1,-1,-1,-1,-1,1061
"職業安全衛生概論",-1,-1,-1,-1,-1,-1,-1,-1,-1,-1,1061
"科技災害導論",-1,-1,-1,-1,-1,-1,-1,-1,-1,-1,1061
"生醫與環境感測原理",-1,-1,-1,-1,-1,-1,-1,-1,-1,-1,1061
"物聯網創意設計(二)",-1,-1,-1,-1,-1,-1,-1,83,-1,-1,1061
"全球氣候變遷",-1,-1,-1,-1,-1,-1,-1,-1,-1,-1,1061
"哲學概論",-1,-1,-1,-1,-1,-1,-1,-1,-1,-1,1061
"C++程式設計",-1,-1,-1,-1,-1,-1,-1,-1,-1,-1,1061
"全球化大議題",-1,-1,-1,-1,-1,-1,-1,-1,-1,-1,1061
"西洋弦樂器演奏賞析",-1,-1,-1,-1,-1,-1,-1,-1,-1,-1,1061
"建築表現法",-1,-1,-1,-1,-1,-1,-1,-1,-1,-1,1061
"中醫與保健",-1,-1,-1,-1,-1,-1,-1,-1,-1,-1,1061
"室內空間設計基礎",-1,-1,-1,-1,-1,-1,-1,-1,-1,-1,1061
"室內裝修工程實作",-1,-1,-1,-1,-1,-1,-1,-1,-1,-1,1061
"游泳(女)一",-1,-1,-1,-1,-1,-1,-1,-1,87,-1,1061
"民法概要",-1,-1,-1,-1,-1,-1,-1,-1,-1,-1,1061
"時空簡史",-1,-1,-1,-1,-1,-1,-1,-1,-1,-1,1061
"NET程式設計",-1,-1,-1,-1,-1,-1,-1,-1,-1,-1,1061
"韓國語言與文化",-1,-1,-1,-1,-1,-1,-1,-1,-1,-1,1061
"楚漢相爭之職場競爭力",-1,-1,-1,-1,-1,-1,-1,-1,-1,-1,1061
"跆拳道",-1,-1,-1,-1,-1,-1,-1,-1,-1,-1,1061
"東南亞政治與社會",-1,-1,-1,-1,-1,-1,-1,-1,-1,-1,1061
"義大利歌劇賞析",-1,-1,-1,-1,-1,-1,-1,-1,-1,-1,1061
"歌唱技巧入門",-1,-1,-1,-1,-1,-1,-1,-1,-1,-1,1061
"壘球(女)一",-1,-1,-1,-1,-1,-1,-1,-1,-1,82,1061
"衍生性金融商品",-1,-1,-1,-1,-1,-1,-1,-1,-1,89,1061
"企業概論",-1,-1,-1,-1,-1,-1,-1,-1,-1,-1,1061
"系統分析與設計",-1,-1,-1,-1,-1,-1,-1,-1,-1,-1,1061
"體育特別班內礙組",-1,-1,-1,-1,-1,-1,-1,-1,-1,-1,1061
"通識教育講座",-1,-1,-1,-1,-1,-1,-1,-1,-1,-1,1061
"商用數學",-1,-1,-1,-1,-1,-1,-1,-1,-1,-1,1061
"民法債編總論",-1,-1,-1,-1,-1,-1,-1,-1,-1,-1,1061
"運動與營養",-1,-1,-1,-1,-1,-1,-1,-1,-1,-1,1061
"音樂創意企劃製作",-1,-1,-1,-1,-1,-1,-1,-1,-1,-1,1061
"環境倫理",-1,-1,-1,-1,-1,-1,-1,-1,-1,-1,1061
"臺灣與世界",-1,-1,-1,-1,-1,-1,-1,-1,-1,-1,1061
"銀行實務專題",-1,-1,-1,-1,-1,-1,-1,-1,-1,-1,1061
"高層思考訓練",-1,-1,-1,-1,-1,-1,-1,-1,-1,-1,1061
"早期介入概論",-1,-1,-1,-1,-1,-1,-1,-1,-1,-1,1061
"幼兒園課程發展",-1,-1,-1,-1,-1,-1,-1,-1,-1,-1,1061
"電腦繪圖學(二)",-1,-1,-1,-1,-1,-1,-1,-1,-1,-1,1062
"中國建築史",-1,-1,-1,-1,-1,-1,-1,-1,-1,-1,1062
"建築設計 (四)",-1,-1,-1,-1,-1,-1,-1,-1,-1,-1,1062
"思想與方法",-1,-1,-1,-1,-1,-1,-1,-1,-1,-1,1062
"建築計畫學",-1,-1,-1,-1,-1,-1,-1,-1,-1,-1,1062
"建築設備",-1,-1,-1,-1,-1,-1,-1,-1,-1,-1,1062
"排球一(男.女)",-1,-1,-1,-1,-1,-1,-1,-1,-1,-1,1062
"環境心理學",-1,-1,-1,-1,-1,-1,-1,-1,-1,-1,1062
"結構學",-1,-1,-1,-1,-1,-1,-1,-1,-1,-1,1062
"建築表現法",-1,-1,-1,-1,-1,-1,-1,-1,-1,-1,1062
"敷地計畫",-1,-1,-1,-1,-1,-1,-1,-1,-1,-1,1062
"廣告創意與策略二A",-1,-1,-1,-1,-1,-1,-1,-1,-1,-1,1062
"媒體傳達設計二A",-1,-1,-1,-1,-1,-1,-1,-1,-1,-1,1062
"消費心理",-1,-1,-1,-1,-1,-1,-1,-1,-1,-1,1062
"設計繪畫(二B)",-1,-1,-1,-1,-1,-1,-1,-1,-1,-1,1062
"基礎設計四C",-1,-1,-1,-1,-1,-1,-1,-1,-1,-1,1062
"游泳(男)一",-1,-1,-1,-1,-1,-1,-1,-1,-1,-1,1062
"三維電腦繪圖",-1,-1,-1,-1,-1,-1,-1,-1,-1,-1,1062
"三維動畫設計",-1,-1,-1,-1,-1,-1,-1,-1,-1,-1,1062
"西洋當代美術史二",-1,-1,-1,-1,-1,-1,-1,-1,-1,-1,1062
"文化創意設計講座",-1,-1,-1,-1,-1,-1,-1,-1,-1,-1,1062
"商業攝影實務二",-1,-1,-1,-1,-1,-1,-1,-1,-1,-1,1062
"永續發展導論",-1,-1,-1,-1,-1,-1,-1,-1,-1,-1,1062
"生活社會學",-1,-1,-1,-1,-1,-1,-1,-1,-1,-1,1062
"區域文明史",-1,-1,-1,78,-1,-1,-1,-1,-1,-1,1062
"籃球(男)一",-1,-1,-1,-1,-1,-1,69,-1,-1,-1,1062
"表現法",-1,-1,-1,-1,-1,-1,-1,-1,-1,-1,1062
"景觀設計(二)",-1,-1,-1,-1,-1,-1,-1,-1,-1,-1,1062
"植栽設計(二)",-1,-1,-1,-1,-1,-1,-1,-1,82,-1,1062
"中國園林藝術",-1,-1,-1,-1,-1,-1,-1,-1,86,-1,1062
"人與場所",-1,-1,-1,-1,-1,-1,-1,-1,73,-1,1062
"植栽設計實習(二)",-1,-1,-1,-1,-1,-1,-1,-1,82,-1,1062
"宗教哲學",-1,-1,-1,-1,-1,-1,-1,-1,80,-1,1062
"高爾夫(男.女)一",-1,-1,-1,-1,-1,-1,-1,-1,-1,-1,1062
"國際貿易理論與政策二",-1,-1,-1,-1,-1,-1,-1,-1,-1,-1,1062
"統計學(二)",-1,-1,-1,-1,70,-1,-1,-1,-1,90,1062
"實用英文二",-1,-1,-1,-1,80,-1,-1,-1,-1,79,1062
"英語聽講(二)",-1,-1,-1,-1,-1,-1,-1,-1,-1,-1,1062
"產業中之個人發展",-1,-1,-1,-1,-1,-1,-1,-1,-1,-1,1062
"聖經中的經濟智慧",-1,-1,-1,-1,-1,-1,-1,-1,-1,-1,1062
"財政學",-1,-1,-1,-1,-1,-1,-1,-1,-1,-1,1062
"產業分析",-1,-1,-1,-1,-1,-1,-1,-1,-1,-1,1062
"國際行銷管理",-1,-1,-1,-1,-1,-1,-1,-1,-1,-1,1062
"民法債篇總論",76,-1,-1,-1,-1,-1,-1,-1,-1,-1,1062
"刑法分則",80,-1,-1,-1,-1,-1,-1,-1,-1,-1,1062
"民法物權",85,-1,-1,-1,-1,-1,-1,-1,-1,-1,1062
"行政法",81,-1,-1,-1,-1,-1,-1,-1,-1,-1,1062
"民法繼承",89,-1,-1,-1,-1,-1,-1,-1,-1,-1,1062
"韻律一",88,-1,-1,-1,-1,-1,-1,-1,-1,-1,1062
"會計學",99,-1,-1,-1,-1,-1,-1,-1,-1,-1,1062
"實用英文（二）",93,78,67,60,-1,-1,72,69,78,-1,1062
"法學英文（二）",72,-1,-1,-1,-1,-1,-1,-1,-1,-1,1062
"愛情關係管理",90,-1,-1,-1,-1,-1,-1,-1,-1,-1,1062
"日文(一)",86,-1,-1,-1,-1,-1,-1,-1,-1,-1,1062
"人生哲學",-1,92,-1,85,-1,-1,-1,-1,-1,-1,1062
"羽球(男.女)一",-1,-1,-1,-1,-1,-1,-1,-1,-1,-1,1062
"聖經中的人際觀",-1,-1,-1,-1,-1,-1,-1,-1,-1,-1,1062
"古典電影配樂賞析",-1,-1,-1,-1,-1,-1,-1,-1,-1,-1,1062
"網球(女)一",-1,-1,-1,-1,-1,85,-1,-1,-1,84,1062
"特殊教育學生評量",-1,-1,-1,-1,-1,-1,-1,-1,-1,-1,1062
"教育哲學",-1,-1,-1,-1,-1,-1,-1,-1,-1,-1,1062
"科學與倫理",-1,-1,-1,-1,-1,-1,-1,-1,-1,-1,1062
"語言發展與矯治",-1,-1,-1,-1,-1,-1,-1,-1,-1,-1,1062
"特殊教育見習二A",-1,-1,-1,-1,-1,-1,-1,-1,-1,-1,1062
"特殊幼兒評量",-1,-1,-1,-1,-1,-1,-1,-1,-1,-1,1062
"課程發展與設計",-1,-1,-1,-1,-1,-1,-1,-1,-1,-1,1062
"普通心理學(下)",-1,-1,-1,-1,-1,-1,-1,-1,-1,-1,1062
"家庭發展",-1,-1,-1,-1,-1,-1,-1,-1,-1,-1,1062
"壘球(男)一",-1,-1,-1,-1,-1,-1,-1,-1,-1,-1,1062
"線性代數(二)",-1,-1,-1,-1,-1,-1,-1,-1,-1,-1,1062
"高等微積分(二)",-1,-1,-1,-1,-1,-1,-1,-1,-1,-1,1062
"統計學",-1,-1,-1,-1,-1,-1,-1,-1,-1,-1,1062
"日本國情與文化",-1,82,-1,-1,-1,-1,-1,-1,-1,-1,1062
"微分幾何",-1,-1,-1,-1,-1,-1,-1,-1,-1,-1,1062
"羽球(女)一",-1,-1,-1,-1,-1,-1,-1,-1,-1,-1,1062
"通識教育講座",-1,-1,-1,-1,-1,-1,-1,-1,-1,-1,1062
"文化思想史",-1,-1,-1,-1,-1,-1,-1,-1,-1,-1,1062
"游泳(女)一",-1,-1,-1,-1,-1,-1,-1,-1,-1,-1,1062
"資料結構(一)",-1,-1,-1,-1,-1,-1,-1,-1,-1,-1,1062
"生活化學應用",-1,-1,-1,-1,-1,-1,-1,-1,-1,-1,1062
"金融講堂",-1,-1,-1,-1,-1,-1,-1,-1,-1,-1,1062
"台灣政治與民主",-1,-1,82,-1,-1,-1,-1,-1,-1,-1,1062
"羽球(男)一",-1,-1,-1,-1,-1,-1,-1,-1,-1,-1,1062
"價值判斷與分析",-1,-1,-1,-1,-1,-1,-1,-1,-1,-1,1062
"科技大解密",-1,-1,-1,-1,-1,-1,-1,-1,-1,-1,1062
"國防軍訓-全民國防",-1,-1,-1,-1,-1,-1,-1,-1,-1,-1,1062
"會計學(二)",-1,-1,-1,-1,-1,-1,-1,-1,-1,-1,1062
"保齡球一(男.女)",-1,-1,65,-1,-1,-1,-1,-1,-1,-1,1062
"資訊科技導論",-1,-1,-1,-1,-1,-1,-1,-1,-1,-1,1062
"管理學",-1,-1,-1,-1,-1,-1,-1,-1,-1,-1,1062
"人力資源管理",-1,-1,-1,-1,79,-1,-1,-1,-1,-1,1062
"楚漢相爭之職場競爭力",-1,-1,-1,-1,-1,-1,-1,-1,-1,-1,1062
"生命與品格典範",-1,-1,-1,-1,-1,-1,-1,-1,-1,-1,1062
"臺灣鄉土小說選讀",-1,-1,-1,-1,-1,-1,-1,-1,-1,-1,1062
"科學與人生",-1,-1,-1,-1,-1,-1,-1,-1,-1,-1,1062
"電磁學(二)",-1,-1,-1,-1,-1,-1,-1,-1,-1,-1,1062
"應用數學(二)",-1,-1,-1,-1,-1,-1,-1,-1,-1,-1,1062
"力學(二)",-1,-1,-1,-1,-1,-1,-1,-1,-1,-1,1062
"中西哲學的生死關懷",-1,-1,-1,-1,-1,-1,-1,-1,-1,-1,1062
"毫微米的世界",-1,-1,-1,-1,-1,-1,-1,-1,-1,-1,1062
"力學(一)",-1,-1,-1,-1,-1,-1,-1,-1,-1,-1,1062
"實用英文（一）",-1,-1,-1,-1,-1,-1,-1,-1,-1,-1,1062
"電子學",-1,-1,72,81,-1,-1,-1,-1,-1,-1,1062
"創業標竿講座",-1,-1,-1,-1,-1,94,-1,-1,-1,-1,1062
"人生管理講座",-1,-1,-1,-1,-1,-1,-1,-1,-1,-1,1062
"相對論",-1,-1,-1,-1,-1,-1,-1,-1,-1,-1,1062
"專題實習",-1,-1,-1,-1,-1,-1,-1,-1,-1,-1,1062
"新世代的科學夢",-1,-1,-1,-1,-1,-1,-1,-1,-1,-1,1062
"物理專題(一)",-1,-1,-1,-1,-1,-1,-1,-1,-1,-1,1062
"田徑(男.女) 一",-1,-1,-1,-1,-1,-1,-1,-1,-1,-1,1062
"電資與人類文明",-1,-1,-1,-1,-1,-1,-1,-1,-1,-1,1062
"普通物理(二)",-1,-1,-1,-1,-1,-1,-1,-1,-1,-1,1062
"電子學實驗(A)",-1,-1,-1,-1,-1,-1,-1,-1,-1,-1,1062
"生命教育概論",-1,-1,-1,-1,-1,-1,-1,-1,-1,-1,1062
"國防軍訓-國防科技",-1,-1,-1,-1,-1,-1,-1,-1,-1,-1,1062
"現代小說欣賞",-1,-1,-1,-1,-1,-1,-1,-1,-1,-1,1062
"綠能光電實作",-1,-1,-1,-1,-1,-1,-1,-1,-1,-1,1062
"量子化學",-1,-1,-1,-1,-1,-1,-1,-1,-1,-1,1062
"分析化學實驗(二)",-1,-1,-1,-1,-1,-1,-1,-1,-1,-1,1062
"材料科學(二)",-1,-1,-1,-1,-1,-1,-1,-1,-1,-1,1062
"有機化學(二)",-1,-1,-1,-1,-1,-1,-1,-1,-1,-1,1062
"有機化學實驗(二)",-1,-1,-1,-1,-1,-1,-1,-1,-1,-1,1062
"分析化學(二)",-1,-1,-1,-1,-1,-1,-1,-1,-1,-1,1062
"東南亞政治與社會",-1,-1,-1,-1,-1,-1,-1,-1,-1,-1,1062
"閱聽人分析",-1,-1,-1,-1,-1,-1,-1,-1,-1,-1,1062
"群論",-1,-1,-1,-1,-1,-1,-1,-1,-1,-1,1062
"體育特別班體控組",-1,-1,-1,-1,-1,-1,-1,-1,-1,-1,1062
"生物化學實驗(二)",-1,-1,-1,-1,-1,-1,-1,-1,-1,-1,1062
"普通微生物學",-1,-1,-1,-1,-1,-1,-1,-1,-1,-1,1062
"普通微生物學實驗",-1,-1,-1,-1,-1,-1,-1,-1,-1,-1,1062
"生物化學(二)",-1,-1,-1,-1,-1,-1,-1,-1,-1,-1,1062
"有機化學",-1,-1,-1,-1,-1,-1,-1,-1,-1,-1,1062
"聖經生命美學",-1,-1,-1,-1,92,-1,-1,-1,-1,-1,1062
"國防軍訓-國際情勢",-1,-1,-1,-1,-1,-1,-1,-1,-1,-1,1062
"資料結構",-1,-1,-1,-1,-1,-1,-1,-1,-1,-1,1062
"輸送現象與單元操作二",-1,-1,-1,-1,-1,-1,-1,-1,-1,-1,1062
"物理化學實驗(一)",-1,-1,-1,-1,-1,-1,-1,-1,-1,-1,1062
"物理化學(二)",-1,-1,-1,-1,-1,-1,-1,-1,-1,-1,1062
"網球一",-1,-1,-1,-1,-1,-1,-1,-1,-1,-1,1062
"工程數學(二)",-1,80,-1,-1,-1,-1,44,72,-1,-1,1062
"高分子材料物性與加工",-1,-1,-1,-1,-1,-1,-1,-1,-1,-1,1062
"奈米科技導論",-1,-1,-1,-1,-1,-1,-1,-1,-1,-1,1062
"全球化大議題",-1,-1,-1,-1,-1,-1,-1,-1,-1,-1,1062
"桌球(女)一",-1,-1,-1,-1,-1,-1,-1,-1,-1,-1,1062
"行政學與公共管理",-1,-1,-1,-1,-1,-1,-1,-1,-1,-1,1062
"社會與個人",-1,-1,-1,-1,-1,-1,-1,-1,-1,-1,1062
"歌唱技巧入門",-1,-1,-1,-1,-1,-1,-1,-1,-1,-1,1062
"材料力學(一)",-1,-1,-1,-1,-1,-1,-1,-1,-1,-1,1062
"土壤力學",-1,-1,-1,-1,-1,-1,-1,-1,-1,-1,1062
"土壤力學實驗C",-1,-1,-1,-1,-1,-1,-1,-1,-1,-1,1062
"流體力學(一)",-1,-1,-1,-1,-1,-1,-1,-1,-1,-1,1062
"土木工程英文",-1,-1,-1,-1,-1,-1,-1,-1,-1,-1,1062
"工程繪圖實務",-1,-1,-1,-1,-1,-1,-1,-1,-1,-1,1062
"音樂與情緒管理",-1,-1,-1,-1,-1,-1,-1,-1,-1,-1,1062
"科技災害導論",-1,-1,-1,-1,-1,-1,-1,-1,-1,92,1062
"材料力學",-1,-1,-1,-1,-1,-1,60,-1,-1,-1,1062
"電工學",-1,-1,-1,-1,-1,-1,42,-1,-1,-1,1062
"工程英文",-1,-1,-1,-1,-1,-1,83,-1,-1,-1,1062
"原生文化與永續發展",-1,-1,-1,-1,-1,-1,-1,-1,-1,-1,1062
"微積分(下)",-1,-1,-1,-1,-1,-1,-1,-1,-1,-1,1062
"工程數學演習（二）",-1,-1,-1,-1,-1,-1,76,-1,-1,-1,1062
"工場實習 (二)",-1,-1,-1,-1,-1,-1,80,-1,-1,-1,1062
"熱力學(二)",-1,-1,-1,-1,-1,-1,60,-1,-1,-1,1062
"機動學",-1,-1,-1,-1,-1,-1,51,-1,-1,-1,1062
"計算機概論(二)",-1,-1,-1,-1,-1,-1,-1,-1,-1,-1,1062
"嵌入式系統實驗(二)",-1,-1,-1,-1,-1,-1,-1,-1,-1,-1,1062
"計算機組織",-1,-1,78,74,-1,-1,-1,-1,-1,-1,1062
"物件導向程式設計",-1,-1,72,69,-1,-1,-1,-1,-1,-1,1062
"資訊日文",-1,-1,61,-1,-1,-1,-1,-1,-1,-1,1062
"國際現勢",-1,-1,-1,-1,-1,-1,-1,-1,-1,-1,1062
"電子實驗",-1,79,80,78,-1,-1,-1,86,-1,-1,1062
"機率與統計(二)",-1,-1,-1,-1,-1,-1,-1,-1,-1,-1,1062
"線性代數",-1,-1,-1,-1,-1,-1,-1,-1,-1,-1,1062
"工程經濟",-1,-1,-1,-1,-1,-1,-1,-1,-1,-1,1062
"人因工程",-1,-1,-1,-1,-1,-1,-1,-1,-1,-1,1062
"工程倫理",-1,-1,-1,-1,-1,-1,-1,-1,-1,-1,1062
"漢字的奧妙",-1,-1,-1,-1,-1,-1,-1,-1,-1,-1,1062
"臺灣文化資產賞析",-1,-1,-1,-1,-1,-1,-1,-1,-1,-1,1062
"網路原理與應用",-1,-1,-1,-1,-1,-1,-1,-1,-1,-1,1062
"工業機器人",-1,-1,-1,-1,-1,-1,-1,-1,-1,-1,1062
"電子實驗（一）",-1,-1,-1,-1,-1,-1,-1,-1,-1,-1,1062
"人體解剖學",-1,-1,-1,-1,-1,-1,-1,-1,-1,-1,1062
"體適能一(男)",-1,-1,-1,-1,-1,-1,-1,-1,-1,-1,1062
"電子學(一)",-1,-1,-1,-1,-1,-1,-1,-1,-1,-1,1062
"生物材料與力學導論",-1,-1,-1,-1,-1,-1,-1,-1,-1,-1,1062
"臺灣現代與後現代思潮",-1,-1,-1,-1,-1,-1,-1,-1,-1,-1,1062
"物理化學",-1,-1,-1,-1,-1,-1,-1,-1,-1,-1,1062
"醫工英文(二)",-1,-1,-1,-1,-1,-1,-1,-1,-1,-1,1062
"環境倫理",-1,-1,-1,-1,-1,-1,-1,-1,-1,-1,1062
"國防軍訓-國防政策",-1,97,-1,-1,-1,-1,-1,-1,-1,-1,1062
"程式語言",-1,-1,-1,-1,-1,-1,-1,-1,-1,-1,1062
"訊號與系統",-1,78,-1,-1,-1,-1,-1,70,-1,-1,1062
"電子學(二)",-1,55,-1,-1,-1,-1,-1,80,-1,-1,1062
"電路學(二)",-1,78,-1,-1,-1,-1,-1,86,-1,-1,1062
"虛擬實境專題(一)",-1,-1,-1,-1,-1,-1,-1,-1,-1,-1,1062
"生命科學概論",-1,-1,-1,-1,-1,-1,-1,-1,-1,-1,1062
"音樂劇賞析",-1,-1,-1,-1,-1,-1,-1,-1,-1,-1,1062
"桌球(男.女)一",-1,88,-1,-1,-1,-1,-1,85,-1,-1,1062
"物聯網創意設計(二)",-1,92,-1,-1,-1,-1,-1,-1,-1,-1,1062
"讀書管理實務",-1,94,-1,-1,-1,-1,-1,-1,-1,-1,1062
"御宅學",-1,86,-1,-1,-1,-1,-1,-1,-1,-1,1062
"個人健康管理",-1,-1,-1,-1,-1,-1,-1,-1,-1,-1,1062
"國術(男.女)一",-1,-1,-1,-1,-1,-1,-1,-1,-1,-1,1062
"智慧電子專題(一)",-1,-1,-1,-1,-1,-1,-1,91,-1,-1,1062
"哲學概論",-1,-1,-1,-1,-1,-1,-1,-1,-1,-1,1062
"數位系統",-1,-1,-1,-1,-1,-1,-1,-1,-1,-1,1062
"數位傳播與文化",-1,-1,-1,-1,-1,-1,-1,-1,-1,-1,1062
"建築設計 (二)",-1,-1,-1,-1,-1,-1,-1,-1,-1,-1,1062
"建築基礎(二)",-1,-1,-1,-1,-1,-1,-1,-1,-1,-1,1062
"素描二A",-1,-1,-1,-1,-1,-1,-1,-1,-1,-1,1062
"高爾夫(男.女)二",-1,-1,-1,-1,-1,-1,-1,-1,-1,-1,1062
"創意轉化專利講座",-1,-1,-1,-1,-1,-1,-1,-1,-1,-1,1062
"多元文化概論",-1,-1,-1,-1,-1,-1,-1,-1,-1,-1,1062
"資料結構與演算法",-1,-1,-1,57,-1,-1,-1,-1,-1,-1,1062
"未來資訊概論",-1,-1,-1,-1,-1,-1,-1,-1,-1,-1,1062
"軟體工程",-1,-1,-1,-1,-1,-1,-1,-1,-1,-1,1062
"法律與現代生活",-1,-1,-1,-1,77,92,-1,-1,-1,-1,1062
"工程與法律",-1,-1,87,-1,-1,-1,-1,-1,-1,-1,1062
"環境與幸福生活",-1,-1,-1,-1,-1,-1,-1,-1,-1,-1,1062
"排球(女)一",-1,-1,-1,-1,-1,-1,-1,-1,85,-1,1062
"R程式設計",-1,-1,-1,-1,-1,-1,-1,-1,-1,-1,1062
"食品與健康",-1,-1,-1,-1,-1,-1,-1,-1,-1,-1,1062
"普通物理(一)",-1,-1,67,-1,-1,-1,-1,-1,-1,-1,1062
"經濟學的世界",-1,-1,-1,-1,-1,-1,-1,-1,-1,-1,1062
"有氧舞蹈 (男.女)一",-1,-1,-1,-1,-1,-1,-1,-1,-1,-1,1062
"日本語言與文化",-1,-1,-1,-1,-1,-1,-1,-1,-1,-1,1062
"街頭行動藝術",-1,-1,-1,-1,-1,-1,-1,-1,-1,-1,1062
"認識中國崛起",-1,-1,-1,-1,-1,-1,-1,-1,-1,-1,1062
"生活中的預防醫學",-1,-1,-1,-1,-1,-1,-1,89,-1,-1,1062
"電腦系統管理",-1,-1,-1,-1,-1,-1,-1,-1,-1,-1,1062
"當代人權議題與挑戰",-1,-1,-1,-1,-1,-1,-1,-1,-1,-1,1062
"綠色文明與永續發展",-1,-1,-1,-1,-1,-1,-1,-1,-1,-1,1062
"飛盤",-1,-1,-1,-1,-1,-1,-1,-1,-1,-1,1062
"創意思解",-1,-1,-1,-1,-1,-1,-1,-1,-1,-1,1062
"數位音樂名師專題",-1,-1,-1,-1,-1,-1,-1,-1,-1,-1,1062
"羽球(男.女)二",-1,-1,-1,-1,-1,-1,-1,-1,-1,-1,1062
"Java程式設計",-1,-1,-1,-1,-1,-1,-1,-1,-1,-1,1062
"企業資料通訊",-1,-1,-1,-1,-1,-1,-1,-1,-1,-1,1062
"資料庫管理",-1,-1,-1,-1,-1,-1,-1,-1,-1,-1,1062
"桌球(男.女)二",-1,-1,-1,88,-1,-1,-1,-1,-1,-1,1062
"綠色生活與永續環境",-1,-1,-1,81,-1,-1,-1,-1,-1,-1,1062
"法學緒論",-1,-1,-1,-1,-1,-1,-1,-1,-1,-1,1062
"壘球(二)",-1,-1,-1,-1,-1,-1,-1,-1,-1,-1,1062
"綠色科技講座",-1,-1,-1,-1,-1,-1,-1,-1,-1,-1,1062
"英文(二)",-1,-1,-1,-1,-1,-1,-1,-1,-1,-1,1062
"電力系統",-1,-1,-1,-1,-1,-1,-1,-1,-1,-1,1062
"語文與修辭",-1,-1,-1,-1,-1,-1,-1,-1,-1,-1,1062
"機率與統計",-1,-1,-1,-1,-1,-1,-1,-1,-1,-1,1062
"網際網路",-1,-1,-1,-1,-1,-1,-1,-1,-1,-1,1062
"數值分析",-1,-1,-1,-1,-1,-1,-1,-1,-1,-1,1062
"工程數學(一)",-1,-1,-1,-1,-1,-1,-1,-1,-1,-1,1062
"電磁學",-1,-1,-1,-1,-1,-1,-1,-1,-1,-1,1062
"國際現勢與兩岸關係",-1,-1,-1,-1,-1,-1,-1,-1,-1,-1,1062
"超大型積體電路導論",-1,-1,-1,-1,-1,-1,-1,-1,-1,-1,1062
"中西哲學家的生命觀",-1,-1,-1,-1,-1,-1,-1,-1,-1,-1,1062
"建築構造(二)",-1,-1,-1,-1,-1,-1,-1,-1,-1,-1,1062
"電腦輔助繪圖(二)",-1,-1,-1,-1,-1,-1,-1,-1,-1,-1,1062
"室內設計史(二)",-1,-1,-1,-1,-1,-1,-1,-1,-1,-1,1062
"室內設計 (二)",-1,-1,-1,-1,-1,-1,-1,-1,-1,-1,1062
"材料及構造(二)",-1,-1,-1,-1,-1,-1,-1,-1,-1,-1,1062
"施工圖(一)",-1,-1,-1,-1,-1,-1,-1,-1,-1,-1,1062
"結構概論",-1,-1,-1,-1,-1,-1,-1,-1,-1,-1,1062
"進階表現法",-1,-1,-1,-1,-1,-1,-1,-1,-1,-1,1062
"展示設計",-1,-1,-1,-1,-1,-1,-1,-1,-1,-1,1062
"時空簡史",-1,-1,-1,-1,-1,-1,-1,-1,-1,-1,1062
"室內裝修工程實作(二)",-1,-1,-1,-1,-1,-1,-1,-1,-1,-1,1062
"設計繪畫四C",-1,-1,-1,-1,-1,-1,-1,-1,-1,-1,1062
"媒體傳達設計二C",-1,-1,-1,-1,-1,-1,-1,-1,-1,-1,1062
"廣告創意與策略二B",-1,-1,-1,-1,-1,-1,-1,-1,-1,-1,1062
"消費心理(A)",-1,-1,-1,-1,-1,-1,-1,-1,-1,-1,1062
"文案設計",-1,-1,-1,-1,-1,-1,-1,-1,-1,-1,1062
"全球文化講座",-1,-1,-1,-1,-1,-1,-1,-1,-1,-1,1062
"基礎設計四A",-1,-1,-1,-1,-1,-1,-1,-1,-1,-1,1062
"設計繪畫四B",-1,-1,-1,-1,-1,-1,-1,-1,-1,-1,1062
"消費心理(B)",-1,-1,-1,-1,-1,-1,-1,-1,-1,-1,1062
"中國美術史二",-1,-1,-1,-1,-1,-1,-1,-1,-1,-1,1062
"影片製作",-1,-1,-1,-1,-1,-1,-1,-1,-1,-1,1062
"媒體傳達設計二B",-1,-1,-1,-1,-1,-1,-1,-1,-1,-1,1062
"電腦輔助繪圖(一)",-1,-1,-1,-1,-1,-1,-1,-1,-1,-1,1062
"景觀工程實習(一)",-1,-1,-1,-1,-1,-1,-1,-1,78,-1,1062
"自然科學導論",-1,-1,-1,-1,-1,-1,-1,-1,-1,-1,1062
"景觀設計(四)",-1,-1,-1,-1,-1,-1,-1,-1,75,-1,1062
"理性思維與邏輯辯證",-1,-1,-1,-1,-1,-1,-1,-1,91,-1,1062
"中國園林藝術實習",-1,-1,-1,-1,-1,-1,-1,-1,86,-1,1062
"景觀工程(一)",-1,-1,-1,-1,-1,-1,-1,-1,78,-1,1062
"流行舞蹈",-1,-1,-1,-1,-1,-1,-1,-1,-1,-1,1062
"哲學與生活",-1,-1,-1,-1,-1,-1,-1,-1,-1,-1,1062
"進階景觀設計表現法",-1,-1,-1,-1,-1,-1,-1,-1,-1,-1,1062
"攝影的藝術",-1,-1,-1,-1,-1,-1,-1,-1,-1,-1,1062
"浪漫時期音樂賞析",-1,-1,-1,-1,-1,-1,-1,-1,-1,-1,1062
"創意城市",-1,-1,-1,-1,-1,-1,-1,-1,89,-1,1062
"室內設計概論(二)",-1,-1,-1,-1,-1,-1,-1,-1,-1,-1,1062
"財務管理",-1,-1,-1,-1,-1,-1,-1,-1,-1,-1,1062
"認知的科學",-1,-1,-1,-1,-1,-1,-1,-1,-1,-1,1062
"生產與作業管理",-1,-1,-1,-1,-1,-1,-1,-1,-1,-1,1062
"行銷管理及個案研討",-1,-1,-1,-1,66,-1,-1,-1,-1,-1,1062
"體育特別班肢礙組",-1,-1,-1,-1,0,-1,-1,-1,-1,-1,1062
"管理數學",-1,-1,-1,-1,65,-1,-1,-1,-1,-1,1062
"勞資關係與勞工法令",-1,-1,-1,-1,79,-1,-1,-1,-1,-1,1062
"東南亞社會與文化",-1,-1,-1,-1,86,-1,-1,-1,-1,-1,1062
"初級會計學(一)",-1,-1,-1,-1,55,-1,-1,-1,-1,-1,1062
"財務管理(一)",-1,-1,-1,-1,60,-1,-1,-1,-1,-1,1062
"科技法律與智慧財產權",-1,-1,-1,-1,-1,-1,-1,-1,-1,-1,1062
"溝通與口語創意表達",-1,-1,-1,-1,-1,-1,-1,-1,-1,-1,1062
"圖學(二)",-1,-1,-1,-1,-1,-1,-1,-1,-1,-1,1062
"景觀植物學",-1,-1,-1,-1,-1,-1,-1,-1,-1,-1,1062
"環境體驗(二)",-1,-1,-1,-1,-1,-1,-1,-1,-1,-1,1062
"景觀學概論(二)",-1,-1,-1,-1,-1,-1,-1,-1,-1,-1,1062
"設計素描一B",-1,-1,-1,-1,-1,-1,-1,-1,-1,-1,1062
"電腦應用概論(一)B",-1,-1,-1,-1,-1,-1,-1,-1,-1,-1,1062
"舊約故事的人生觀",-1,-1,-1,-1,-1,-1,-1,-1,-1,-1,1062
"設計素描實習",-1,-1,-1,-1,-1,-1,-1,-1,-1,-1,1062
"圖學實習(二)",-1,-1,-1,-1,-1,-1,-1,-1,-1,-1,1062
"環境調查實習(二)",-1,-1,-1,-1,-1,-1,-1,-1,-1,-1,1062
"爵士樂賞析",-1,-1,-1,-1,-1,-1,-1,-1,-1,-1,1062
"運動與健康",-1,-1,-1,-1,-1,-1,-1,-1,-1,-1,1062
"基督教信仰與婚姻觀",-1,-1,-1,-1,-1,-1,-1,-1,-1,-1,1062
"服務學習導論",-1,-1,-1,-1,-1,-1,-1,-1,-1,-1,1062
"網球(男.女)二",-1,-1,-1,-1,-1,-1,-1,-1,-1,-1,1062
"音樂創作新思維",-1,-1,-1,-1,-1,-1,-1,-1,-1,-1,1062
"商用日文 (二)",-1,-1,-1,-1,-1,-1,-1,-1,-1,-1,1062
"壓力管理",-1,-1,-1,-1,-1,-1,-1,-1,-1,-1,1062
"中級會計學(二)",-1,-1,-1,-1,-1,-1,-1,-1,-1,-1,1062
"生命敘事倫理",-1,-1,-1,-1,-1,-1,-1,-1,-1,-1,1062
"個體經濟學(二)",-1,-1,-1,-1,-1,-1,-1,-1,-1,-1,1062
"職場工作實務",-1,-1,-1,-1,-1,-1,-1,-1,-1,-1,1062
"財務報表分析",-1,-1,-1,-1,-1,-1,-1,-1,-1,-1,1062
"商事法(二)",-1,-1,-1,-1,-1,-1,-1,-1,-1,81,1062
"會計時事議題研討(一)",-1,-1,-1,-1,-1,-1,-1,-1,-1,-1,1062
"租稅申報實務",-1,-1,-1,-1,-1,-1,-1,-1,-1,-1,1062
"管理心理學",-1,-1,-1,-1,-1,-1,-1,-1,-1,-1,1062
"會計應用軟體",-1,-1,-1,-1,-1,-1,-1,-1,-1,-1,1062
"聖經與倫理議題",-1,-1,-1,-1,-1,-1,-1,-1,-1,-1,1062
"中級會計學(一)",-1,-1,-1,-1,-1,-1,-1,-1,-1,83,1062
"記帳士法與相關法規",-1,-1,-1,-1,-1,-1,-1,-1,-1,-1,1062
"管理數學(二)",-1,-1,-1,-1,-1,-1,-1,-1,-1,-1,1062
"體育特別班心肌組",-1,-1,-1,-1,-1,-1,-1,-1,-1,-1,1062
"稅務法規",-1,-1,-1,-1,-1,-1,-1,-1,-1,-1,1062
"投資學",-1,-1,-1,-1,-1,-1,-1,-1,-1,-1,1062
"築夢實踐專題",-1,-1,-1,-1,-1,-1,-1,-1,-1,-1,1062
"租稅規劃",-1,-1,-1,-1,-1,-1,-1,-1,-1,-1,1062
"網路程式設計",-1,-1,-1,-1,-1,-1,-1,-1,-1,-1,1062
"企業概論",-1,-1,-1,-1,-1,-1,-1,-1,-1,-1,1062
"資料分析應用-R",-1,-1,-1,-1,-1,-1,-1,-1,-1,-1,1062
"資訊安全管理",-1,-1,-1,-1,-1,-1,-1,-1,-1,-1,1062
"多媒體程式設計",-1,-1,-1,-1,-1,-1,-1,-1,-1,-1,1062
"廣告創意行銷",-1,-1,-1,-1,-1,-1,-1,-1,-1,-1,1062
"中國美術史",-1,-1,-1,-1,-1,-1,-1,-1,-1,-1,1062
"IOS應用程式開發",-1,-1,-1,-1,-1,-1,-1,-1,-1,-1,1062
"決策支援與商業智慧",-1,-1,-1,-1,-1,-1,-1,-1,-1,-1,1062
"全球資訊系統策略",-1,-1,-1,-1,-1,-1,-1,-1,-1,-1,1062
"壘球(女)一",-1,-1,-1,-1,-1,-1,-1,-1,-1,-1,1062
"音樂基礎訓練",-1,-1,-1,-1,-1,-1,-1,-1,-1,-1,1062
"消費稅法",-1,-1,-1,-1,-1,-1,-1,-1,-1,-1,1062
"民法總則",-1,-1,-1,-1,-1,-1,-1,-1,-1,-1,1062
"憲法",-1,-1,-1,-1,-1,-1,-1,-1,-1,-1,1062
"刑法總則",-1,-1,-1,-1,-1,-1,-1,-1,-1,-1,1062
"金融市場概論",-1,-1,-1,-1,-1,-1,-1,-1,-1,-1,1062
"財務管理(二)",-1,-1,-1,-1,-1,-1,-1,-1,-1,-1,1062
"工藝與生活美學",-1,-1,-1,-1,-1,-1,-1,-1,-1,-1,1062
"總體經濟學",-1,-1,-1,-1,-1,-1,-1,-1,-1,-1,1062
"金融科技",-1,-1,-1,-1,-1,-1,-1,-1,-1,-1,1062
"證券與金融法規",-1,-1,-1,-1,-1,-1,-1,-1,-1,-1,1062
"行為改變技術",-1,-1,-1,-1,-1,-1,-1,-1,-1,-1,1062
"學習困難與補救策略",-1,-1,-1,-1,-1,-1,-1,-1,-1,-1,1062
"資優教育模式",-1,-1,-1,-1,-1,-1,-1,-1,-1,-1,1062
"特殊教育見習二B",-1,-1,-1,-1,-1,-1,-1,-1,-1,-1,1062
"中醫與保健",-1,-1,-1,-1,-1,-1,-1,-1,-1,-1,1062
"幼兒行為觀察",-1,-1,-1,-1,-1,-1,-1,-1,-1,-1,1062
"外語習得",-1,-1,-1,-1,-1,-1,-1,-1,-1,-1,1062
"中英翻譯 (二)A",-1,-1,-1,-1,-1,-1,-1,-1,-1,-1,1062
"第二外語會話四(西)",-1,-1,-1,-1,-1,-1,-1,-1,-1,-1,1062
"第二外語文法四(西)",-1,-1,-1,-1,-1,-1,-1,-1,-1,-1,1062
"中高級英語會話(二)A",-1,-1,-1,-1,-1,-1,-1,-1,-1,-1,1062
"英文文法與寫作(二)A",-1,-1,-1,-1,-1,-1,-1,-1,-1,-1,1062
"設計倫理",-1,-1,-1,-1,-1,-1,-1,-1,-1,-1,1062
"句法學",-1,-1,-1,-1,-1,-1,-1,-1,-1,-1,1062
"中英翻譯 (二)B",-1,-1,-1,-1,-1,83,-1,-1,-1,-1,1062
"中高級英語會話(二)B",-1,-1,-1,-1,-1,87,-1,-1,-1,-1,1062
"英文文法與寫作(二)B",-1,-1,-1,-1,-1,91,-1,-1,-1,-1,1062
"創業模擬經營實務",-1,-1,-1,-1,-1,-1,-1,-1,-1,-1,1062
"媒體英語",-1,-1,-1,-1,-1,84,-1,-1,-1,-1,1062
"英語檢定技巧",-1,-1,-1,-1,-1,77,-1,-1,-1,-1,1062
"第二外語會話四(日)",-1,-1,-1,-1,-1,-1,-1,-1,-1,-1,1062
"第二外語文法四(日)",-1,-1,-1,-1,-1,-1,-1,-1,-1,-1,1062
"西洋文學概論",-1,-1,-1,-1,-1,90,-1,-1,-1,-1,1062
"生命倫理學",-1,-1,-1,-1,-1,-1,-1,-1,-1,90,1062
"數位聲音後製概論",-1,-1,-1,-1,-1,-1,-1,-1,-1,-1,1062
"觀光筆譯",-1,-1,-1,-1,-1,90,-1,-1,-1,-1,1062
"第二外語文法四(德)",-1,-1,-1,-1,-1,71,-1,-1,-1,-1,1062
"第二外語會話四(德)",-1,-1,-1,-1,-1,85,-1,-1,-1,-1,1062
"當代管理學",-1,-1,-1,-1,-1,89,-1,-1,-1,-1,1062
"初級韓語",-1,-1,-1,-1,-1,97,-1,-1,-1,-1,1062
"數學發展史",-1,-1,-1,-1,-1,-1,-1,-1,-1,-1,1062
"專題研究(二)",-1,-1,-1,-1,-1,-1,-1,-1,-1,-1,1062
"教育社會學",-1,-1,-1,-1,-1,-1,-1,-1,-1,-1,1062
"輔導原理與實務",-1,-1,-1,-1,-1,-1,-1,-1,-1,-1,1062
"物理與生活科技",-1,-1,-1,-1,-1,-1,-1,-1,-1,-1,1062
"物理講座",-1,-1,-1,-1,-1,-1,-1,-1,-1,-1,1062
"基礎應用數學(二)",-1,-1,-1,-1,-1,-1,-1,-1,-1,-1,1062
"科學與信仰",-1,-1,-1,-1,-1,-1,-1,-1,-1,-1,1062
"科技產業講座",-1,-1,-1,-1,-1,-1,-1,-1,-1,-1,1062
"計算物理",-1,-1,-1,-1,-1,-1,-1,-1,-1,-1,1062
"憲法與政府",-1,-1,-1,-1,-1,-1,-1,-1,-1,-1,1062
"微積分(上)",-1,-1,-1,-1,-1,-1,-1,-1,-1,-1,1062
"生理心理學",-1,-1,-1,-1,-1,-1,-1,-1,-1,-1,1062
"心理測驗實驗",-1,-1,-1,-1,-1,-1,-1,-1,-1,-1,1062
"心理實驗法(下)",-1,-1,-1,-1,-1,-1,-1,-1,-1,-1,1062
"心理實驗法實驗(下)",-1,-1,-1,-1,-1,-1,-1,-1,-1,-1,1062
"心理測驗(下)",-1,-1,-1,-1,-1,-1,-1,-1,-1,-1,1062
"團體輔導實務",-1,-1,-1,-1,-1,-1,-1,-1,-1,-1,1062
"教育議題專題",-1,-1,-1,-1,-1,-1,-1,-1,-1,-1,1062
"性別教育",-1,-1,-1,-1,-1,-1,-1,-1,-1,-1,1062
"教學媒體與運用",-1,-1,-1,-1,-1,-1,-1,-1,-1,-1,1062
"行為治療原理",-1,-1,-1,-1,-1,-1,-1,-1,-1,-1,1062
"現代精神醫學與心理學",-1,-1,-1,-1,-1,-1,-1,-1,-1,-1,1062
"正念訓練的基礎實作",-1,-1,-1,-1,-1,-1,-1,-1,-1,-1,1062
"動力取向精神醫學",-1,-1,-1,-1,-1,-1,-1,-1,-1,-1,1062
"發展心理學",-1,-1,-1,-1,-1,-1,-1,-1,-1,-1,1062
"生涯輔導",-1,-1,-1,-1,-1,-1,-1,-1,-1,-1,1062
"班級經營",-1,-1,-1,-1,-1,-1,-1,-1,-1,-1,1062
"心理及教育統計學(下)",-1,-1,-1,-1,-1,-1,-1,-1,-1,-1,1062
"變態心理學",-1,-1,-1,-1,-1,-1,-1,-1,-1,-1,1062
"諮商理論與技術",-1,-1,-1,-1,-1,-1,-1,-1,-1,-1,1062
"災難與創傷心理學",-1,-1,-1,-1,-1,-1,-1,-1,-1,-1,1062
"排球二(男.女)",-1,-1,-1,-1,-1,-1,-1,-1,-1,-1,1062
"保健食品概論",-1,-1,-1,-1,-1,-1,-1,-1,-1,-1,1062
"發育生物學",-1,-1,-1,-1,-1,-1,-1,-1,-1,-1,1062
"布袋戲與台灣文化",-1,-1,-1,-1,-1,-1,-1,-1,-1,-1,1062
"宗教音樂賞析",-1,-1,-1,-1,-1,-1,-1,-1,-1,-1,1062
"經濟學(二)",-1,-1,-1,-1,-1,-1,-1,-1,-1,-1,1062
"防災科技與生活",-1,-1,-1,-1,-1,-1,-1,-1,-1,-1,1062
"桌球(男)一",-1,-1,-1,-1,-1,-1,-1,-1,-1,-1,1062
"單元操作與輸送現象二",-1,-1,-1,-1,-1,-1,-1,-1,-1,-1,1062
"單元操作與輸送現象一",-1,-1,-1,-1,-1,-1,-1,-1,-1,-1,1062
"物理化學(一)",-1,-1,-1,-1,-1,-1,-1,-1,-1,-1,1062
"薄膜高分子工程",-1,-1,-1,-1,-1,-1,-1,-1,-1,-1,1062
"國防軍訓-防衛動員",-1,-1,-1,-1,-1,-1,-1,-1,-1,-1,1062
"工程統計學(一)",-1,-1,-1,-1,-1,-1,-1,-1,-1,-1,1062
"實務數據分析及應用",-1,-1,-1,-1,-1,-1,-1,-1,-1,-1,1062
"離散數學",-1,-1,-1,-1,-1,-1,-1,-1,-1,-1,1062
"有氧舞蹈二",-1,-1,-1,-1,-1,-1,-1,-1,-1,-1,1062
"搖滾年代",-1,-1,-1,-1,-1,-1,-1,-1,-1,-1,1062
"生產計劃與管制",-1,-1,-1,-1,-1,-1,-1,-1,-1,-1,1062
"生產計劃與管制實驗",-1,-1,-1,-1,-1,-1,-1,-1,-1,-1,1062
"工作研究",-1,-1,-1,-1,-1,-1,-1,-1,-1,-1,1062
"工作研究實驗",-1,-1,-1,-1,-1,-1,-1,-1,-1,-1,1062
"心理學",-1,-1,-1,-1,-1,-1,-1,-1,-1,-1,1062
"工程圖學",-1,-1,-1,-1,-1,-1,-1,-1,-1,-1,1062
"原住民藝術與當代對話",-1,-1,-1,-1,-1,-1,-1,-1,-1,-1,1062
"自然科學與當代世界",-1,-1,-1,-1,-1,-1,-1,-1,-1,-1,1062
"應用力學",-1,-1,-1,-1,-1,-1,-1,-1,-1,-1,1062
"籃球(女)一",-1,-1,-1,-1,-1,-1,-1,-1,-1,-1,1062
"運動經絡按摩",-1,-1,-1,-1,-1,-1,-1,-1,-1,-1,1062
"超級英雄的物理學",-1,-1,-1,-1,-1,-1,-1,-1,-1,-1,1062
"機器人專題 (一)",-1,-1,-1,-1,-1,-1,-1,-1,-1,-1,1062
"近代物理",-1,-1,-1,-1,-1,-1,-1,77,-1,-1,1062
"物聯網創意設計(一)",-1,-1,-1,-1,-1,-1,-1,-1,-1,-1,1062
"認識星空",-1,-1,-1,-1,-1,-1,-1,-1,-1,-1,1062
"運動與營養",-1,-1,-1,-1,-1,-1,-1,-1,-1,-1,1062
"哲學與人生",-1,-1,-1,-1,-1,-1,-1,-1,-1,-1,1062
"網球(男)一",-1,-1,-1,-1,-1,-1,-1,-1,-1,-1,1062
"愛情與親密關係",-1,-1,-1,-1,-1,-1,-1,-1,-1,-1,1062
"黃春明小說導讀",-1,-1,-1,-1,-1,-1,-1,-1,-1,-1,1062
"器樂演奏(一)",-1,-1,-1,-1,-1,-1,-1,-1,-1,-1,1062
"老屋活化與創意經營",-1,-1,-1,-1,-1,-1,-1,-1,-1,-1,1062
"個人投資理財",-1,-1,-1,-1,-1,-1,-1,-1,-1,-1,1062
"專業閱讀與討論",-1,-1,-1,-1,-1,-1,-1,-1,-1,-1,1062
"哲學與思考",-1,-1,-1,-1,-1,-1,-1,-1,-1,-1,1062
"景觀專業英文",-1,-1,-1,-1,-1,-1,-1,-1,77,-1,1062
"創新服務與社會企業",-1,-1,-1,-1,-1,-1,-1,-1,-1,-1,1062
"網際網路與電子商務",-1,-1,-1,-1,-1,-1,-1,-1,-1,-1,1062
"商事法",-1,-1,-1,-1,-1,-1,-1,-1,-1,-1,1062
"VBA程式設計",-1,-1,-1,-1,-1,-1,-1,-1,-1,-1,1062
"民刑法與公民社會",-1,-1,-1,-1,-1,-1,-1,-1,-1,-1,1062
"PHP程式設計",-1,-1,-1,-1,-1,-1,-1,-1,-1,-1,1062
"樹莓派資料分析",-1,-1,-1,-1,-1,-1,-1,-1,-1,-1,1062
"自主學習專題",-1,-1,-1,-1,-1,-1,-1,-1,-1,-1,1062
"商用英語溝通",-1,-1,-1,-1,-1,-1,-1,-1,-1,-1,1062
"貨幣銀行學",-1,-1,-1,-1,-1,-1,-1,-1,-1,-1,1062
"跨文化交流",-1,-1,-1,-1,-1,-1,-1,-1,-1,-1,1062
"企業倫理",-1,-1,-1,-1,-1,-1,-1,-1,-1,-1,1062
"電子商務概論 ",-1,-1,-1,-1,-1,-1,-1,-1,-1,-1,1062
"商用西班牙語(二)",-1,-1,-1,-1,-1,-1,-1,-1,-1,-1,1062
"商業軟體應用",-1,-1,-1,-1,-1,-1,-1,-1,-1,-1,1062
"人格心理學",-1,-1,-1,-1,-1,-1,-1,-1,-1,-1,1062
"全球化職涯發展實務",-1,-1,-1,-1,-1,-1,-1,-1,-1,99,1062
"政府採購法",-1,-1,-1,-1,-1,-1,-1,-1,-1,87,1062
"排球(男)一",-1,-1,-1,-1,-1,-1,-1,-1,-1,-1,1062
"職涯規劃導引",-1,-1,-1,-1,-1,-1,-1,-1,-1,-1,1062
"稅法總論",-1,-1,-1,-1,-1,-1,-1,-1,-1,-1,1062
"公司理財",-1,-1,-1,-1,-1,-1,-1,-1,-1,-1,1062
"基因與疾病",-1,-1,-1,-1,-1,-1,-1,-1,-1,-1,1062
"商用數學(二)",-1,-1,-1,-1,-1,-1,-1,-1,-1,-1,1062
"電腦軟體與網路應用",-1,-1,-1,-1,-1,-1,-1,-1,-1,-1,1062
"雲端服務",-1,-1,-1,-1,-1,-1,-1,-1,-1,-1,1062
"電腦服務虛擬化實務",-1,-1,-1,-1,-1,-1,-1,-1,-1,-1,1062
"Web物聯網實務",-1,-1,-1,-1,-1,-1,-1,-1,-1,-1,1062
"Android 程式設計",-1,-1,-1,-1,-1,-1,-1,-1,-1,-1,1062
"民法債編總論",-1,-1,-1,-1,-1,-1,-1,-1,-1,-1,1062
"體育(女)二",-1,-1,-1,-1,-1,-1,-1,-1,-1,-1,1062
"流行音樂宣傳",-1,-1,-1,-1,-1,-1,-1,-1,-1,-1,1062
"國際公法(二)",-1,-1,-1,-1,-1,-1,-1,-1,-1,-1,1062
"原住民文化與藝術",-1,-1,-1,-1,-1,-1,-1,-1,-1,-1,1062
"生態藝術",-1,-1,-1,-1,-1,-1,-1,-1,-1,-1,1062
"德語(一)",-1,-1,-1,-1,-1,-1,-1,-1,-1,-1,1062
"生活德語",-1,-1,-1,-1,-1,-1,-1,-1,-1,-1,1062
"德語文化與溝通",-1,-1,-1,-1,-1,-1,-1,-1,-1,-1,1062
"美食的真相",-1,-1,-1,-1,-1,-1,-1,-1,-1,-1,1062
"個體經濟學",-1,-1,-1,-1,-1,-1,-1,-1,-1,-1,1062
"建築構造(一)",-1,-1,-1,-1,-1,-1,-1,-1,-1,-1,1071
"建築設計 (五)",-1,-1,-1,-1,-1,-1,-1,-1,-1,-1,1071
"台灣政治與民主",-1,-1,-1,-1,-1,-1,-1,-1,-1,-1,1071
"區域文明史",-1,-1,-1,-1,-1,-1,-1,-1,-1,-1,1071
"自然科學導論",-1,-1,-1,-1,-1,-1,-1,-1,96,-1,1071
"建築細部概論",-1,-1,-1,-1,-1,-1,-1,-1,-1,-1,1071
"空間.建築與都市",-1,-1,-1,-1,-1,-1,-1,-1,-1,-1,1071
"西方近代建築史概論",-1,-1,-1,-1,-1,-1,-1,-1,-1,-1,1071
"台灣傳統建築",-1,-1,-1,-1,-1,-1,-1,-1,-1,-1,1071
"哲學與生活",-1,-1,-1,-1,-1,-1,-1,-1,-1,-1,1071
"設計繪畫三B",-1,-1,-1,-1,-1,-1,-1,-1,-1,-1,1071
"整合行銷與設計一A",-1,-1,-1,-1,-1,-1,-1,-1,-1,-1,1071
"文化思想史",-1,91,-1,-1,-1,-1,-1,-1,-1,-1,1071
"游泳(男)一",-1,-1,-1,-1,-1,-1,-1,-1,-1,-1,1071
"商業包裝設計基礎",-1,-1,-1,-1,-1,-1,-1,-1,-1,-1,1071
"美學一",-1,-1,-1,-1,-1,-1,-1,-1,-1,-1,1071
"民間藝術探源與賞析",-1,-1,-1,-1,-1,-1,-1,-1,-1,-1,1071
"語言與邏輯",-1,-1,-1,-1,-1,-1,-1,-1,-1,-1,1071
"商業空間設計",-1,-1,-1,-1,-1,-1,-1,-1,-1,-1,1071
"宗教哲學",-1,-1,-1,-1,-1,91,-1,100,-1,-1,1071
"文學經典閱讀",-1,-1,-1,-1,-1,-1,-1,-1,-1,-1,1071
"籃球(男)二",-1,-1,-1,-1,-1,-1,-1,-1,-1,-1,1071
"景觀設計(三)",-1,-1,-1,-1,-1,-1,-1,-1,-1,-1,1071
"景觀史",-1,-1,-1,-1,-1,-1,-1,-1,-1,-1,1071
"共生生態學",-1,-1,-1,-1,-1,-1,-1,-1,96,-1,1071
"景觀工程(二)",-1,-1,-1,-1,-1,-1,-1,-1,76,-1,1071
"城鄉規劃與都市設計",-1,-1,-1,-1,-1,-1,-1,-1,96,-1,1071
"創意生活文化地景",-1,-1,-1,-1,-1,-1,-1,-1,91,-1,1071
"景觀實務實習",-1,-1,-1,-1,-1,-1,-1,-1,-1,-1,1071
"實用英文（一）",-1,-1,-1,-1,-1,-1,-1,-1,-1,-1,1071
"風水環境學",-1,-1,-1,-1,-1,-1,-1,-1,-1,-1,1071
"價值判斷與分析",-1,-1,-1,75,-1,-1,-1,-1,99,-1,1071
"景觀工程實習(二)",-1,-1,-1,-1,-1,-1,-1,-1,76,-1,1071
"實用英文(三)",-1,-1,-1,-1,66,-1,-1,-1,-1,82,1071
"國際企業管理",-1,-1,-1,-1,-1,-1,-1,-1,-1,-1,1071
"高爾夫(男.女)二",-1,-1,-1,-1,-1,-1,-1,-1,-1,-1,1071
"貨幣銀行學(一)",-1,-1,-1,-1,-1,-1,-1,-1,-1,-1,1071
"國際貿易實務",-1,-1,-1,-1,-1,-1,-1,-1,-1,-1,1071
"證券市場分析(一)",-1,-1,-1,-1,-1,-1,-1,-1,-1,-1,1071
"刑事訴訟法",87,-1,-1,-1,-1,-1,-1,-1,-1,-1,1071
"保險法",95,-1,-1,-1,-1,-1,-1,-1,-1,-1,1071
"民法債篇各論",73,-1,-1,-1,-1,-1,-1,-1,-1,-1,1071
"商事法總論及公司法",83,-1,-1,-1,-1,-1,-1,-1,-1,-1,1071
"爵士舞(男.女)一",85,-1,-1,-1,-1,-1,-1,-1,-1,-1,1071
"法院組織法",90,-1,-1,-1,-1,-1,-1,-1,-1,-1,1071
"海商法",94,-1,-1,-1,-1,-1,-1,-1,-1,-1,1071
"行政程序法",84,-1,-1,-1,-1,-1,-1,-1,-1,-1,1071
"生命教育概論",95,-1,-1,-1,-1,-1,-1,-1,-1,-1,1071
"創業標竿講座",91,-1,-1,-1,-1,-1,-1,-1,-1,-1,1071
"行政法",-1,-1,-1,-1,-1,-1,-1,-1,-1,-1,1071
"票據法",-1,-1,-1,-1,-1,-1,-1,-1,-1,-1,1071
"財政學",-1,-1,-1,-1,-1,-1,-1,-1,-1,-1,1071
"國際法導論",-1,-1,-1,-1,-1,-1,-1,-1,-1,-1,1071
"銀行法",-1,-1,-1,-1,-1,-1,-1,-1,-1,-1,1071
"生命倫理學",-1,-1,-1,-1,-1,-1,-1,-1,-1,-1,1071
"羽球(男.女)二",-1,-1,-1,-1,-1,-1,-1,-1,-1,-1,1071
"生命科學概論",-1,-1,-1,-1,-1,-1,-1,-1,-1,-1,1071
"創業計畫與表達",-1,-1,-1,-1,-1,-1,-1,-1,-1,-1,1071
"親師合作與家庭支援",-1,-1,-1,-1,-1,-1,-1,-1,-1,-1,1071
"身心障礙學生教材教法",-1,-1,-1,-1,-1,-1,-1,-1,-1,-1,1071
"特殊教育實習",-1,-1,-1,-1,-1,-1,-1,-1,-1,-1,1071
"自閉症學生教學策略",-1,-1,-1,-1,-1,-1,-1,-1,-1,-1,1071
"生理心理學",-1,-1,-1,-1,-1,-1,-1,-1,-1,-1,1071
"心理實驗法(上)",-1,-1,-1,-1,-1,-1,-1,-1,-1,-1,1071
"心理實驗法實驗(上)",-1,-1,-1,-1,-1,-1,-1,-1,-1,-1,1071
"心理測驗(上)",-1,-1,-1,-1,-1,-1,-1,-1,-1,-1,1071
"輔導原理與實務",-1,-1,-1,-1,-1,-1,-1,-1,-1,-1,1071
"發展心理學",-1,-1,-1,-1,-1,-1,-1,-1,-1,-1,1071
"生活社會學",-1,-1,-1,-1,-1,-1,-1,-1,-1,-1,1071
"人生哲學",-1,-1,88,-1,83,-1,-1,-1,91,-1,1071
"籃球(男)一",-1,-1,-1,-1,-1,-1,-1,-1,-1,-1,1071
"代數學(一)",-1,-1,-1,-1,-1,-1,-1,-1,-1,-1,1071
"微分方程(一)",-1,-1,-1,-1,-1,-1,-1,-1,-1,-1,1071
"趣味數學",-1,-1,-1,-1,-1,-1,-1,-1,-1,-1,1071
"數學英文",-1,-1,-1,-1,-1,-1,-1,-1,-1,-1,1071
"抽樣方法",-1,-1,-1,-1,-1,-1,-1,-1,-1,-1,1071
"高等機率論",-1,-1,-1,-1,-1,-1,-1,-1,-1,-1,1071
"離散數學",-1,-1,-1,-1,-1,-1,-1,-1,-1,-1,1071
"專題研究(一)",-1,-1,-1,-1,89,-1,-1,-1,-1,-1,1071
"網球(女)一",-1,-1,-1,-1,-1,-1,-1,-1,-1,-1,1071
"臺灣鄉土小說選讀",-1,-1,-1,-1,-1,-1,-1,-1,-1,-1,1071
"幾何學",-1,-1,-1,-1,-1,-1,-1,-1,-1,-1,1071
"生涯輔導",-1,-1,-1,-1,-1,-1,-1,-1,-1,-1,1071
"教學原理",-1,-1,-1,-1,-1,-1,-1,-1,-1,-1,1071
"教育心理學",-1,-1,-1,-1,-1,-1,-1,-1,-1,-1,1071
"有氧舞蹈 (男.女)一",-1,-1,-1,-1,-1,-1,-1,-1,-1,-1,1071
"布袋戲與台灣文化",-1,-1,-1,-1,-1,-1,-1,-1,-1,-1,1071
"作業系統",-1,-1,-1,-1,-1,-1,-1,-1,-1,-1,1071
"行政學與公共管理",-1,-1,-1,-1,-1,-1,-1,-1,-1,-1,1071
"創業模擬經營實務",-1,-1,-1,-1,-1,-1,-1,-1,-1,-1,1071
"迴歸分析",-1,-1,-1,-1,-1,-1,-1,-1,-1,-1,1071
"線性代數（三）",-1,-1,-1,-1,-1,-1,-1,-1,-1,-1,1071
"計算機概論(一)",-1,-1,-1,-1,-1,-1,-1,-1,-1,-1,1071
"生命與品格典範",-1,-1,-1,-1,-1,-1,-1,96,-1,-1,1071
"日本國情與文化",-1,-1,-1,-1,-1,-1,-1,-1,-1,-1,1071
"高爾夫(男.女)一",-1,-1,-1,-1,-1,-1,-1,-1,-1,-1,1071
"經濟學(一)",-1,-1,-1,-1,-1,-1,-1,-1,-1,-1,1071
"商事法",-1,-1,-1,-1,61,-1,-1,-1,-1,-1,1071
"資訊管理",-1,-1,-1,-1,63,-1,-1,-1,-1,-1,1071
"科技管理",-1,-1,-1,-1,74,-1,-1,-1,-1,-1,1071
"科技管理導論",-1,-1,-1,-1,-1,-1,-1,-1,-1,-1,1071
"羽球(男.女)一",-1,-1,-1,-1,-1,-1,-1,-1,-1,-1,1071
"近代物理實驗",-1,-1,-1,-1,-1,-1,-1,-1,-1,-1,1071
"熱物理學",-1,-1,-1,-1,-1,-1,-1,-1,-1,-1,1071
"量子物理(一)",-1,-1,-1,-1,-1,-1,-1,-1,-1,-1,1071
"臺灣與世界",-1,-1,-1,-1,-1,-1,-1,-1,-1,-1,1071
"溝通與口語創意表達",-1,-1,-1,-1,-1,-1,-1,-1,91,-1,1071
"國防軍訓-國際情勢",-1,-1,-1,-1,-1,-1,-1,-1,-1,-1,1071
"光電與材料專題（二）",-1,-1,-1,-1,-1,-1,-1,-1,-1,-1,1071
"數據科學導論",-1,-1,-1,-1,-1,-1,-1,-1,-1,-1,1071
"高等物理數學(一)",-1,-1,-1,-1,-1,-1,-1,-1,-1,-1,1071
"廣義相對論",-1,-1,-1,-1,-1,-1,-1,-1,-1,-1,1071
"通信原理",-1,-1,-1,-1,-1,-1,-1,-1,-1,-1,1071
"控制工程",-1,-1,-1,-1,-1,-1,-1,-1,-1,-1,1071
"電路學(二)",-1,-1,-1,-1,-1,-1,-1,-1,-1,-1,1071
"歌唱技巧入門",-1,-1,-1,-1,-1,-1,-1,-1,-1,-1,1071
"物理專題(二)",-1,-1,-1,-1,-1,-1,-1,-1,-1,-1,1071
"田徑(男.女) 一",-1,-1,-1,-1,-1,-1,-1,-1,-1,-1,1071
"網球一",-1,-1,-1,-1,-1,-1,-1,-1,-1,-1,1071
"基礎熱力學與統計物理",-1,-1,-1,-1,-1,-1,-1,-1,-1,-1,1071
"光學",-1,-1,-1,-1,-1,-1,-1,-1,-1,-1,1071
"音樂與情緒管理",-1,-1,-1,-1,-1,-1,-1,-1,-1,-1,1071
"哲學概論",-1,-1,-1,-1,-1,-1,-1,-1,-1,-1,1071
"國防軍訓-國防政策",-1,-1,-1,-1,-1,-1,-1,-1,-1,-1,1071
"基礎力學",-1,-1,-1,-1,-1,-1,-1,-1,-1,-1,1071
"認識星空",-1,-1,-1,-1,-1,-1,-1,-1,-1,-1,1071
"電子儀器與光電檢測",-1,-1,-1,-1,-1,-1,-1,-1,-1,-1,1071
"物理化學(一)",-1,-1,-1,-1,-1,-1,-1,-1,-1,-1,1071
"儀器分析(一)",-1,-1,-1,-1,-1,-1,-1,-1,-1,-1,1071
"儀器分析實驗(一)",-1,-1,-1,-1,-1,-1,-1,-1,-1,-1,1071
"物理化學實驗(一)",-1,-1,-1,-1,-1,-1,-1,-1,-1,-1,1071
"無機化學(一)",-1,-1,-1,-1,-1,-1,-1,-1,-1,-1,1071
"壘球(男)一",-1,76,67,-1,-1,-1,-1,-1,-1,-1,1071
"化學英文",-1,-1,-1,-1,-1,-1,-1,-1,-1,-1,1071
"專題研究(F)",-1,-1,-1,-1,-1,-1,-1,-1,-1,-1,1071
"科學與倫理",-1,-1,-1,-1,-1,-1,-1,-1,-1,-1,1071
"分析化學(一)",-1,-1,-1,-1,-1,-1,-1,-1,-1,-1,1071
"法律與現代生活",-1,-1,-1,-1,-1,-1,-1,-1,-1,-1,1071
"體育特別班心肌組",-1,-1,-1,-1,89,-1,-1,-1,-1,-1,1071
"微積分(上)",-1,-1,-1,-1,-1,-1,-1,-1,-1,-1,1071
"人體生理學(一)",-1,-1,-1,-1,-1,-1,-1,-1,-1,-1,1071
"人體生理學實驗(一)",-1,-1,-1,-1,-1,-1,-1,-1,-1,-1,1071
"分子生物學（一）",-1,-1,-1,-1,-1,-1,-1,-1,-1,-1,1071
"普通化學",-1,-1,-1,-1,-1,-1,-1,-1,-1,-1,1071
"基本研究方法",-1,-1,-1,-1,-1,-1,-1,-1,-1,-1,1071
"應用微生物學",-1,-1,-1,-1,-1,-1,-1,-1,-1,-1,1071
"食品化學",-1,-1,-1,-1,-1,-1,-1,-1,-1,-1,1071
"宗教音樂賞析",-1,-1,-1,-1,-1,-1,-1,-1,-1,-1,1071
"化工綠能製程(一)",-1,-1,-1,-1,-1,-1,-1,-1,-1,-1,1071
"單元操作與輸送現象三",-1,-1,-1,-1,-1,-1,-1,-1,-1,-1,1071
"化工熱力學",-1,-1,-1,-1,-1,-1,-1,-1,-1,-1,1071
"計算機程式語言",-1,-1,-1,-1,-1,-1,-1,-1,-1,-1,1071
"物理化學實驗",-1,-1,-1,-1,-1,-1,-1,-1,-1,-1,1071
"再生能源與儲存技術",-1,-1,-1,-1,-1,-1,-1,-1,-1,-1,1071
"化學工業程序",-1,-1,-1,-1,-1,-1,-1,-1,-1,-1,1071
"音樂劇賞析",-1,-1,-1,-1,-1,-1,-1,-1,-1,-1,1071
"單元操作與輸送現象二",-1,-1,-1,-1,-1,-1,-1,-1,-1,-1,1071
"化學反應工程",-1,-1,-1,-1,-1,-1,-1,-1,-1,-1,1071
"材料工程(一)",-1,-1,-1,-1,-1,-1,-1,-1,-1,-1,1071
"桌球(女)一",-1,-1,-1,-1,-1,-1,-1,-1,-1,-1,1071
"工程數學(二)",-1,-1,-1,-1,-1,-1,-1,-1,-1,-1,1071
"薄膜科學",-1,-1,-1,-1,-1,-1,-1,-1,-1,-1,1071
"中醫與保健",-1,-1,-1,-1,-1,-1,-1,-1,-1,-1,1071
"楚漢相爭之職場競爭力",-1,-1,-1,-1,-1,-1,-1,-1,-1,-1,1071
"環境管理",-1,-1,-1,-1,-1,-1,-1,-1,-1,-1,1071
"優質網路生活",-1,-1,-1,-1,-1,-1,-1,-1,-1,-1,1071
"運輸工程學",-1,-1,-1,-1,-1,-1,-1,-1,-1,-1,1071
"鋼筋混凝土學",-1,-1,-1,-1,-1,-1,-1,-1,-1,-1,1071
"流體力學實驗B",-1,-1,-1,-1,-1,-1,-1,-1,-1,-1,1071
"結構學(一)",-1,-1,-1,-1,-1,-1,-1,-1,-1,-1,1071
"經濟學的世界",-1,-1,-1,-1,-1,-1,-1,-1,-1,-1,1071
"基礎工程",-1,-1,-1,-1,-1,-1,-1,-1,-1,-1,1071
"流體力學(二)",-1,-1,-1,-1,-1,-1,-1,-1,-1,-1,1071
"土木工程競賽專題",-1,-1,-1,-1,-1,-1,-1,-1,-1,-1,1071
"愛情關係管理",-1,-1,-1,-1,-1,-1,-1,-1,-1,-1,1071
"環境與幸福生活",-1,-1,-1,-1,-1,-1,-1,-1,-1,-1,1071
"流體力學",-1,-1,-1,-1,-1,-1,66,-1,-1,-1,1071
"工程數學(一)",-1,-1,-1,-1,-1,-1,-1,-1,-1,-1,1071
"自動控制",-1,-1,-1,-1,-1,-1,0,-1,-1,-1,1071
"鍵盤樂",-1,-1,-1,-1,-1,-1,-1,-1,-1,-1,1071
"應用電子學",-1,-1,-1,-1,-1,-1,60,-1,-1,-1,1071
"機械設計(一)",-1,-1,-1,-1,-1,-1,40,-1,-1,-1,1071
"機械工程實驗(一)",-1,-1,-1,-1,-1,-1,75,-1,-1,-1,1071
"機率與統計(一)",-1,-1,69,66,-1,-1,-1,-1,-1,-1,1071
"邏輯設計實驗(一)",-1,-1,75,93,-1,-1,-1,-1,-1,-1,1071
"桌球(男)一",-1,-1,-1,-1,-1,-1,-1,-1,-1,-1,1071
"資料結構",-1,-1,-1,-1,-1,-1,-1,-1,-1,-1,1071
"系統程式",-1,-1,62,74,-1,-1,-1,-1,-1,-1,1071
"工程倫理",-1,81,63,71,-1,-1,-1,74,-1,-1,1071
"未來資訊概論",-1,-1,-1,-1,-1,-1,-1,-1,-1,-1,1071
"軟體工程",-1,-1,-1,90,-1,-1,-1,-1,-1,-1,1071
"作業研究(上)",-1,-1,-1,-1,-1,-1,-1,-1,-1,-1,1071
"生產計劃與管制",-1,-1,-1,-1,-1,-1,-1,-1,-1,-1,1071
"生產計劃與管制實驗",-1,-1,-1,-1,-1,-1,-1,-1,-1,-1,1071
"品質管制實驗",-1,-1,-1,-1,-1,-1,-1,-1,-1,-1,1071
"普通物理(一)",-1,-1,-1,-1,-1,-1,-1,-1,-1,-1,1071
"基督教信仰與婚姻觀",-1,-1,-1,-1,-1,-1,-1,-1,-1,-1,1071
"品質管制",-1,-1,-1,-1,-1,-1,-1,-1,-1,-1,1071
"浪漫時期音樂賞析",-1,-1,-1,-1,-1,-1,-1,-1,-1,-1,1071
"作業環境控制工程",-1,-1,-1,-1,-1,-1,-1,-1,-1,-1,1071
"工業安全管理應用統計",-1,-1,-1,-1,-1,-1,-1,-1,-1,-1,1071
"職場軟實力",-1,-1,-1,-1,-1,-1,-1,-1,-1,-1,1071
"生活中的預防醫學",-1,-1,-1,-1,-1,-1,-1,-1,-1,-1,1071
"微電腦應用",-1,-1,-1,-1,-1,-1,-1,-1,-1,-1,1071
"自動化概論",-1,-1,-1,-1,-1,-1,-1,-1,-1,-1,1071
"電子實驗(二)",-1,-1,-1,-1,-1,-1,-1,-1,-1,-1,1071
"醫工講座",-1,-1,-1,-1,-1,-1,-1,-1,-1,-1,1071
"生理學實驗(一)",-1,-1,-1,-1,-1,-1,-1,-1,-1,-1,1071
"生理學(一)",-1,-1,-1,-1,-1,-1,-1,-1,-1,-1,1071
"普通生物學",-1,-1,-1,-1,-1,-1,-1,-1,-1,-1,1071
"飛盤",-1,-1,-1,-1,-1,-1,-1,-1,-1,-1,1071
"電子學(二)",-1,-1,-1,-1,-1,-1,-1,-1,-1,-1,1071
"醫工英文(二)",-1,-1,-1,-1,-1,-1,-1,-1,-1,-1,1071
"生醫感測模組整合應用",-1,-1,-1,-1,-1,-1,-1,-1,-1,-1,1071
"生物輸送原理",-1,-1,-1,-1,-1,-1,-1,-1,-1,-1,1071
"訊號與系統",-1,-1,-1,-1,-1,-1,-1,-1,-1,-1,1071
"材料科學",-1,-1,-1,-1,-1,-1,-1,-1,-1,-1,1071
"排球一(男.女)",-1,-1,-1,-1,-1,-1,-1,-1,-1,86,1071
"醫學影像系統",-1,-1,-1,66,-1,-1,-1,-1,-1,-1,1071
"醫材法規標準與認證",-1,-1,-1,-1,-1,-1,-1,-1,-1,-1,1071
"通識教育講座",-1,-1,-1,-1,-1,-1,-1,-1,-1,-1,1071
"電磁學(一)",-1,70,-1,-1,-1,-1,-1,77,-1,-1,1071
"電子系統實驗",-1,89,-1,-1,-1,-1,-1,81,-1,-1,1071
"排球二(男.女)",-1,-1,-1,-1,-1,85,-1,-1,-1,-1,1071
"電子學(三)",-1,65,-1,-1,-1,-1,-1,71,-1,-1,1071
"JAVA物件導向程式設計",-1,-1,-1,-1,-1,-1,-1,81,-1,-1,1071
"網路工程",-1,-1,-1,-1,-1,-1,-1,95,-1,-1,1071
"心理健康與調適",-1,-1,-1,-1,-1,-1,-1,-1,-1,-1,1071
"數位晶片設計及實作",-1,-1,-1,-1,-1,-1,-1,-1,-1,-1,1071
"CMOS電路模擬與設計",-1,-1,-1,-1,-1,-1,-1,-1,-1,-1,1071
"日本語言與文化",-1,-1,-1,-1,-1,-1,-1,-1,-1,-1,1071
"數位通信",-1,-1,-1,-1,-1,-1,-1,-1,-1,-1,1071
"Matlab程式設計",-1,82,-1,-1,-1,-1,-1,-1,-1,-1,1071
"系統安全",-1,85,-1,-1,-1,-1,-1,-1,-1,-1,1071
"國際現勢",-1,92,-1,-1,-1,-1,-1,-1,-1,-1,1071
"印尼語(一)",-1,87,-1,-1,-1,-1,-1,-1,-1,-1,1071
"認識中國崛起",-1,-1,-1,-1,-1,-1,-1,-1,-1,-1,1071
"智慧電子專題(二)",-1,-1,-1,-1,-1,-1,-1,-1,-1,-1,1071
"臺灣民間音樂賞析",-1,-1,-1,-1,-1,-1,-1,-1,-1,-1,1071
"工業日文(一)",-1,-1,-1,-1,-1,-1,-1,-1,-1,-1,1071
"建築表現法",-1,-1,-1,-1,-1,-1,-1,-1,-1,-1,1071
"環境景觀概論",-1,-1,-1,-1,-1,-1,-1,-1,-1,-1,1071
"哲學與思考",-1,-1,-1,-1,-1,-1,-1,-1,-1,-1,1071
"永續發展導論",-1,-1,-1,-1,-1,-1,-1,-1,-1,-1,1071
"電腦繪圖學(一)",-1,-1,-1,-1,-1,-1,-1,-1,-1,-1,1071
"建築設計 (三)",-1,-1,-1,-1,-1,-1,-1,-1,-1,-1,1071
"世界建築史",-1,-1,-1,-1,-1,-1,-1,-1,-1,-1,1071
"建築物理",-1,-1,-1,-1,-1,-1,-1,-1,-1,-1,1071
"應用力學及材料力學",-1,-1,-1,-1,-1,-1,-1,-1,-1,-1,1071
"太陽能電池導論",-1,-1,-1,-1,-1,-1,-1,-1,-1,-1,1071
"計算機網路",-1,-1,53,62,-1,-1,-1,-1,-1,-1,1071
"桌球(男.女)一",-1,-1,-1,-1,-1,-1,-1,79,-1,-1,1071
"資料探勘導論",-1,-1,-1,-1,-1,-1,-1,-1,-1,-1,1071
"從數據分析到知識分析",-1,-1,85,-1,-1,-1,-1,-1,-1,-1,1071
"政治學與當代生活",-1,-1,-1,-1,-1,-1,-1,-1,-1,-1,1071
"攝影的藝術",-1,-1,-1,-1,-1,-1,-1,-1,-1,-1,1071
"網際網路程式設計",-1,-1,-1,-1,-1,-1,-1,-1,-1,-1,1071
"創新創業實習",-1,-1,-1,-1,-1,-1,-1,-1,-1,-1,1071
"線性代數",-1,-1,46,-1,-1,-1,-1,-1,-1,-1,1071
"街頭行動藝術",-1,-1,74,-1,-1,-1,-1,-1,-1,-1,1071
"流行舞蹈",-1,-1,-1,-1,-1,-1,-1,-1,-1,-1,1071
"搖滾年代",-1,-1,-1,-1,-1,-1,-1,-1,-1,-1,1071
"食品與健康",-1,-1,-1,-1,-1,-1,-1,-1,-1,-1,1071
"排球(女)一",-1,-1,-1,-1,-1,-1,-1,-1,-1,-1,1071
"工程與法律",-1,-1,-1,-1,-1,-1,-1,-1,-1,-1,1071
"時空簡史",-1,-1,-1,-1,-1,-1,-1,-1,-1,-1,1071
"數位邏輯電路設計",-1,-1,-1,-1,-1,-1,-1,-1,-1,-1,1071
"體適能一(男)",-1,-1,-1,-1,-1,-1,-1,-1,-1,-1,1071
"排球(男)一",-1,-1,-1,-1,-1,-1,86,-1,-1,-1,1071
"系統分析與設計",-1,-1,-1,-1,-1,-1,-1,-1,-1,-1,1071
"企業資源規劃導論",-1,-1,-1,-1,-1,-1,-1,-1,-1,-1,1071
"物聯網整合應用與實作",-1,-1,-1,-1,-1,-1,-1,-1,-1,-1,1071
"開放系統管理實務",-1,-1,-1,-1,-1,-1,-1,-1,-1,-1,1071
"UNIX系統導論",-1,-1,-1,-1,-1,-1,-1,-1,-1,-1,1071
"動漫文學",-1,-1,-1,-1,-1,-1,-1,-1,-1,-1,1071
"行政法與公共事務",-1,-1,-1,-1,-1,-1,-1,-1,-1,-1,1071
"人因工程",-1,-1,-1,-1,-1,-1,-1,-1,-1,-1,1071
"羽球(男)一",-1,-1,-1,80,-1,-1,-1,-1,-1,-1,1071
"科技災害導論",-1,-1,-1,-1,-1,-1,-1,-1,-1,-1,1071
"當代人權議題與挑戰",-1,-1,-1,-1,-1,-1,-1,-1,-1,-1,1071
"微處理機實驗",-1,-1,-1,-1,-1,-1,-1,-1,-1,-1,1071
"籃球(女)一",-1,-1,-1,-1,-1,-1,-1,-1,-1,-1,1071
"普通物理(二)",-1,-1,-1,-1,-1,-1,-1,-1,-1,-1,1071
"電力實驗(A)",-1,-1,-1,-1,-1,-1,-1,-1,-1,-1,1071
"微型電網",-1,-1,-1,-1,-1,-1,-1,-1,-1,-1,1071
"保齡球一(男.女)",-1,-1,-1,-1,-1,-1,-1,-1,-1,-1,1071
"國際專題設計實務",-1,-1,-1,-1,-1,-1,-1,-1,-1,-1,1071
"創意思解",-1,-1,-1,-1,-1,-1,-1,-1,-1,-1,1071
"C++程式設計",-1,-1,-1,-1,-1,-1,-1,-1,-1,-1,1071
"羽球(女)一",-1,-1,-1,-1,-1,-1,-1,-1,80,-1,1071
"網球(男)一",-1,-1,-1,-1,-1,-1,-1,-1,-1,-1,1071
"建築結構與造型",-1,-1,-1,-1,-1,-1,-1,-1,-1,-1,1071
"文化資產保存特論",-1,-1,-1,-1,-1,-1,-1,-1,-1,-1,1071
"應用力學",-1,-1,-1,-1,-1,-1,-1,-1,-1,-1,1071
"文化資產保存與再利用",-1,-1,-1,-1,-1,-1,-1,-1,-1,-1,1071
"電腦輔助設計(一)",-1,-1,-1,-1,-1,-1,-1,-1,-1,-1,1071
"行為控制學",-1,-1,-1,-1,-1,-1,-1,-1,-1,-1,1071
"施工圖(二)",-1,-1,-1,-1,-1,-1,-1,-1,-1,-1,1071
"室內設計 (三)",-1,-1,-1,-1,-1,-1,-1,-1,-1,-1,1071
"照明學",-1,-1,-1,-1,-1,-1,-1,-1,-1,-1,1071
"家具設計(一)",-1,-1,-1,-1,-1,-1,-1,-1,-1,-1,1071
"設計原理(一)",-1,-1,-1,-1,-1,-1,-1,-1,-1,-1,1071
"廣播錄音工程",-1,-1,-1,-1,-1,-1,-1,-1,-1,-1,1071
"室內設計從業實務解析",-1,-1,-1,-1,-1,-1,-1,-1,-1,-1,1071
"關懷設計",-1,-1,-1,-1,-1,-1,-1,-1,-1,-1,1071
"跆拳道",-1,-1,-1,-1,-1,-1,-1,-1,-1,-1,1071
"整合行銷與設計一B",-1,-1,-1,-1,-1,-1,-1,-1,-1,-1,1071
"插畫與繪本創作一",-1,-1,-1,-1,-1,-1,-1,-1,-1,-1,1071
"數位媒體創作(一)",-1,-1,-1,-1,-1,-1,-1,-1,-1,-1,1071
"數位出版",-1,-1,-1,-1,-1,-1,-1,-1,-1,-1,1071
"設計實習",-1,-1,-1,-1,-1,-1,-1,-1,-1,-1,1071
"品牌設計",-1,-1,-1,-1,-1,-1,-1,-1,-1,-1,1071
"生態藝術",-1,-1,-1,-1,-1,-1,-1,-1,-1,-1,1071
"基礎敘事影片製作",-1,-1,-1,-1,-1,-1,-1,-1,-1,-1,1071
"文化造形設計",-1,-1,-1,-1,-1,-1,-1,-1,-1,-1,1071
"商業攝影實務一",-1,-1,-1,-1,-1,-1,-1,-1,-1,-1,1071
"設計倫理",-1,-1,-1,-1,-1,-1,-1,-1,-1,-1,1071
"案例研究方法與分析",-1,-1,-1,-1,-1,-1,-1,-1,-1,-1,1071
"環境規劃與設計(一)",-1,-1,-1,-1,-1,-1,-1,-1,79,-1,1071
"西洋兒童文學名著選讀",-1,-1,-1,-1,-1,-1,-1,-1,-1,-1,1071
"生態規劃與原理",-1,-1,-1,-1,-1,-1,-1,-1,-1,-1,1071
"東南亞政治與社會",-1,-1,-1,-1,-1,-1,-1,-1,-1,-1,1071
"電腦輔助繪圖(二)",-1,-1,-1,-1,-1,-1,-1,-1,-1,-1,1071
"圖學一B",-1,-1,-1,-1,-1,-1,-1,-1,-1,-1,1071
"基本設計 (一)",-1,-1,-1,-1,-1,-1,-1,-1,-1,-1,1071
"材料及構造(一)",-1,-1,-1,-1,-1,-1,-1,-1,-1,-1,1071
"家具規劃",-1,-1,-1,-1,-1,-1,-1,-1,-1,-1,1071
"室內設計用詞表達形式",-1,-1,-1,-1,-1,-1,-1,-1,-1,-1,1071
"商用英文",-1,-1,-1,-1,-1,-1,-1,-1,-1,-1,1071
"服務業管理",-1,-1,-1,-1,-1,-1,-1,-1,-1,-1,1071
"服務業行銷",-1,-1,-1,-1,-1,-1,-1,-1,-1,-1,1071
"銀行管理",-1,-1,-1,-1,-1,-1,-1,-1,-1,-1,1071
"工藝與生活美學",-1,-1,-1,-1,-1,-1,-1,-1,-1,84,1071
"保險學",-1,-1,-1,-1,-1,-1,-1,-1,-1,-1,1071
"管理會計",-1,-1,-1,-1,-1,-1,-1,-1,-1,-1,1071
"壘球(女)一",-1,-1,-1,-1,-1,-1,-1,-1,-1,-1,1071
"資訊科技導論",-1,-1,-1,-1,75,-1,-1,-1,-1,-1,1071
"會計學(一)",-1,-1,-1,-1,61,78,-1,-1,-1,-1,1071
"高科技產業分析",-1,-1,-1,-1,83,-1,-1,-1,-1,-1,1071
"商管專業服務學習(一)",-1,-1,-1,-1,-1,-1,-1,-1,-1,-1,1071
"中小企業投資實務",-1,-1,-1,-1,-1,-1,-1,-1,-1,-1,1071
"全球氣候變遷",-1,-1,-1,-1,-1,-1,-1,-1,-1,-1,1071
"電腦應用概論(二A)",-1,-1,-1,-1,-1,-1,-1,-1,-1,-1,1071
"敷地計畫",-1,-1,-1,-1,-1,-1,-1,-1,-1,-1,1071
"空間與文化",-1,-1,-1,-1,-1,-1,-1,-1,-1,-1,1071
"植栽設計(一)",-1,-1,-1,-1,-1,-1,-1,-1,-1,-1,1071
"景觀設計表現法",-1,-1,-1,-1,-1,-1,-1,-1,-1,-1,1071
"結構與造形",-1,-1,-1,-1,-1,-1,-1,-1,-1,-1,1071
"藝術概論",-1,-1,-1,-1,-1,-1,-1,-1,-1,-1,1071
"敷地計畫實習",-1,-1,-1,-1,-1,-1,-1,-1,-1,-1,1071
"植栽設計實習(一)",-1,-1,-1,-1,-1,-1,-1,-1,-1,-1,1071
"景觀設計表現法實習",-1,-1,-1,-1,-1,-1,-1,-1,-1,-1,1071
"行銷管理學",-1,-1,-1,-1,-1,-1,-1,-1,-1,-1,1071
"統計學(一)",-1,-1,-1,-1,-1,-1,-1,-1,-1,-1,1071
"國際行銷管理",-1,-1,-1,-1,-1,-1,-1,-1,-1,-1,1071
"全球化大議題",-1,-1,-1,-1,-1,-1,-1,-1,-1,-1,1071
"民法概要",-1,-1,-1,-1,-1,-1,-1,-1,-1,-1,1071
"文化創意產業講座",-1,-1,-1,-1,-1,-1,-1,-1,-1,-1,1071
"餐飲工作觀",-1,-1,-1,-1,-1,-1,-1,-1,-1,-1,1071
"中小企業經營策略",-1,-1,-1,-1,-1,-1,-1,-1,-1,-1,1071
"績效管理",-1,-1,-1,-1,-1,-1,-1,-1,-1,-1,1071
"管理數學",-1,-1,-1,-1,-1,-1,-1,-1,-1,-1,1071
"大陸台商管理個案研討",-1,-1,-1,-1,-1,-1,-1,-1,-1,-1,1071
"韓國語言與文化",-1,-1,-1,-1,-1,-1,-1,-1,-1,-1,1071
"英文(一)",-1,-1,-1,-1,-1,-1,60,-1,-1,-1,1071
"商用日文(三)",-1,-1,-1,-1,-1,-1,-1,-1,-1,-1,1071
"不動產經營管理講座",-1,-1,-1,-1,-1,-1,-1,-1,-1,-1,1071
"中級會計學(一)",-1,-1,-1,-1,-1,-1,-1,-1,-1,-1,1071
"新興會計問題專題",-1,-1,-1,-1,-1,-1,-1,-1,-1,48,1071
"稅務法規",-1,-1,-1,-1,-1,-1,-1,-1,-1,-1,1071
"租稅申報實務",-1,-1,-1,-1,-1,-1,-1,-1,-1,70,1071
"政府會計",-1,-1,-1,-1,-1,-1,-1,-1,-1,95,1071
"成本會計(一)",-1,-1,-1,-1,-1,-1,-1,-1,-1,51,1071
"財務管理",-1,-1,-1,-1,-1,-1,-1,-1,-1,-1,1071
"進階商業英文",-1,-1,-1,-1,-1,-1,-1,-1,-1,-1,1071
"國際人力資源管理專題",-1,-1,-1,-1,-1,-1,-1,-1,-1,-1,1071
"財務報表分析",-1,-1,-1,-1,-1,-1,-1,-1,-1,70,1071
"會計時事議題研討(二)",-1,-1,-1,-1,-1,-1,-1,-1,-1,-1,1071
"財務數學",-1,-1,-1,-1,-1,-1,-1,-1,-1,-1,1071
"國防軍訓-防衛動員",-1,-1,-1,-1,-1,-1,-1,-1,-1,-1,1071
"企業評價",-1,-1,-1,-1,-1,-1,-1,-1,-1,-1,1071
"財務金融理論與應用",-1,-1,-1,-1,-1,-1,-1,-1,-1,-1,1071
"投資學",-1,-1,-1,-1,-1,-1,-1,-1,-1,-1,1071
"專業英語溝通技能",-1,-1,-1,-1,-1,-1,-1,-1,-1,-1,1071
"韓國語入門",-1,-1,-1,-1,-1,-1,-1,-1,-1,-1,1071
"游泳(女)一",-1,-1,-1,-1,-1,-1,-1,-1,-1,-1,1071
"非營利財務管理",-1,-1,-1,-1,-1,-1,-1,-1,-1,-1,1071
"金融講堂",-1,-1,-1,-1,-1,-1,-1,-1,-1,-1,1071
"聖經中的經濟智慧",-1,-1,-1,-1,-1,-1,-1,-1,-1,-1,1071
"觀看與影像實踐",-1,-1,-1,-1,-1,-1,-1,-1,-1,-1,1071
"財產及土地稅法",-1,-1,-1,-1,-1,-1,-1,-1,-1,-1,1071
"iOS應用程式開發",-1,-1,-1,-1,-1,-1,-1,-1,-1,-1,1071
"商用日文 (一)",-1,-1,-1,-1,-1,-1,-1,-1,-1,-1,1071
"樹莓派機器人應用",-1,-1,-1,-1,-1,-1,-1,-1,-1,-1,1071
"財務管理資訊系統",-1,-1,-1,-1,-1,-1,-1,-1,-1,-1,1071
"國防軍訓-全民國防",-1,-1,-1,-1,-1,-1,-1,-1,-1,-1,1071
"義大利歌劇賞析",-1,-1,-1,-1,-1,-1,-1,-1,-1,-1,1071
"飲食自覺與營養管理",-1,-1,-1,-1,-1,-1,-1,-1,-1,-1,1071
"行銷管理資訊系統",-1,-1,-1,-1,-1,-1,-1,-1,-1,-1,1071
"創業實務",-1,-1,-1,-1,-1,-1,-1,-1,-1,-1,1071
"CCNA企業網路",-1,-1,-1,-1,-1,-1,-1,-1,-1,-1,1071
"展示設計",-1,-1,-1,-1,-1,-1,-1,-1,-1,-1,1071
"視覺傳播",-1,-1,-1,-1,-1,-1,-1,-1,-1,-1,1071
"民法債編各論",-1,-1,-1,-1,-1,-1,-1,-1,-1,-1,1071
"中西哲學家的生命觀",-1,-1,-1,-1,-1,-1,-1,-1,-1,-1,1071
"日文(一)",-1,-1,-1,-1,-1,-1,-1,-1,-1,-1,1071
"法學英文（一）",-1,-1,-1,-1,-1,-1,-1,-1,-1,-1,1071
"關稅法",-1,-1,-1,-1,-1,-1,-1,-1,-1,-1,1071
"英美侵權行為法",-1,-1,-1,-1,-1,-1,-1,-1,-1,-1,1071
"民法親屬",-1,-1,-1,-1,-1,-1,-1,-1,-1,-1,1071
"刑法分則",-1,-1,-1,-1,-1,-1,-1,-1,-1,-1,1071
"民法物權",-1,-1,-1,-1,-1,-1,-1,-1,-1,-1,1071
"民法債編總論",-1,-1,-1,-1,-1,-1,-1,-1,-1,-1,1071
"財務計量分析",-1,-1,-1,-1,-1,-1,-1,-1,-1,-1,1071
"理財規劃與策略",-1,-1,-1,-1,-1,-1,-1,-1,-1,-1,1071
"西洋弦樂器演奏賞析",-1,-1,-1,-1,-1,-1,-1,-1,-1,-1,1071
"金融機構管理",-1,-1,-1,-1,-1,-1,-1,-1,-1,-1,1071
"個體經濟學",-1,-1,-1,-1,-1,-1,-1,-1,-1,-1,1071
"投資銀行管理",-1,-1,-1,-1,-1,-1,-1,-1,-1,-1,1071
"生活化學應用",-1,-1,-1,-1,-1,-1,-1,-1,-1,-1,1071
"職業安全衛生概論",-1,-1,-1,-1,-1,-1,-1,-1,-1,-1,1071
"中文經典閱讀",-1,-1,-1,-1,-1,-1,-1,-1,-1,-1,1071
"高層思考訓練",-1,-1,-1,-1,-1,-1,-1,-1,-1,-1,1071
"華語正音A",-1,-1,-1,-1,-1,-1,-1,-1,-1,-1,1071
"中國文化導論",-1,-1,-1,-1,-1,-1,-1,-1,-1,-1,1071
"閱讀與寫作指導",-1,-1,-1,-1,-1,-1,-1,-1,-1,-1,1071
"詞曲賞析(一)",-1,-1,-1,-1,-1,-1,-1,-1,-1,-1,1071
"數位音樂名師專題",-1,-1,-1,-1,-1,-1,-1,-1,-1,-1,1071
"資賦優異教育概論",-1,-1,-1,-1,-1,-1,-1,-1,-1,-1,1071
"幼兒體能與律動",-1,-1,-1,-1,-1,-1,-1,-1,-1,-1,1071
"聽覺口語法理論",-1,-1,-1,-1,-1,-1,-1,-1,-1,-1,1071
"科技在特殊教育之應用",-1,-1,-1,-1,-1,-1,-1,-1,-1,-1,1071
"第二外語文法五(西)",-1,-1,-1,-1,-1,-1,-1,-1,-1,-1,1071
"第二外語會話五(西)",-1,-1,-1,-1,-1,-1,-1,-1,-1,-1,1071
"高級英語會話(一)A",-1,-1,-1,-1,-1,-1,-1,-1,-1,-1,1071
"研究論文寫作(一)A",-1,-1,-1,-1,-1,-1,-1,-1,-1,-1,1071
"運動與健康",-1,-1,-1,-1,-1,-1,-1,-1,-1,-1,1071
"兒童戲劇",-1,-1,-1,-1,-1,-1,-1,-1,-1,-1,1071
"繪本與英語教學",-1,-1,-1,-1,-1,-1,-1,-1,-1,-1,1071
"專業英語課程設計",-1,-1,-1,-1,-1,-1,-1,-1,-1,-1,1071
"英語教學概論",-1,-1,-1,-1,-1,-1,-1,-1,-1,-1,1071
"時事英語",-1,-1,-1,-1,-1,76,-1,-1,-1,-1,1071
"高級英語會話(一)B",-1,-1,-1,-1,-1,86,-1,-1,-1,-1,1071
"研究論文寫作(一)B",-1,-1,-1,-1,-1,69,-1,-1,-1,-1,1071
"桃學趣",-1,-1,-1,-1,-1,-1,-1,-1,-1,-1,1071
"桃學趣探索",-1,-1,-1,-1,-1,-1,-1,-1,-1,-1,1071
"第二外語文法五(日)",-1,-1,-1,-1,-1,-1,-1,-1,-1,-1,1071
"第二外語會話五(日)",-1,-1,-1,-1,-1,-1,-1,-1,-1,-1,1071
"基礎錄音技術",-1,-1,-1,-1,-1,-1,-1,-1,-1,-1,1071
"音樂基礎訓練",-1,-1,-1,-1,-1,91,-1,-1,-1,-1,1071
"逐步口譯一",-1,-1,-1,-1,-1,84,-1,-1,-1,-1,1071
"專業筆譯",-1,-1,-1,-1,-1,81,-1,-1,-1,-1,1071
"第二外語文法五(德)",-1,-1,-1,-1,-1,74,-1,-1,-1,-1,1071
"第二外語會話五(德)",-1,-1,-1,-1,-1,100,-1,-1,-1,-1,1071
"英國文學(一)",-1,-1,-1,-1,-1,92,-1,-1,-1,-1,1071
"財務管理(一)",-1,-1,-1,-1,-1,52,-1,-1,-1,-1,1071
"貨幣銀行學",-1,-1,-1,-1,-1,72,-1,-1,-1,-1,1071
"明日之星企業領袖營",-1,-1,-1,-1,-1,-1,-1,-1,-1,-1,1071
"高等微積分(三)",-1,-1,-1,-1,-1,-1,-1,-1,-1,-1,1071
"分科教材教法",-1,-1,-1,-1,-1,-1,-1,-1,-1,-1,1071
"弦的宇宙樂章",-1,-1,-1,-1,-1,-1,-1,-1,-1,-1,1071
"美食的真相",-1,-1,-1,-1,-1,-1,-1,-1,-1,-1,1071
"科學統計",-1,-1,-1,-1,-1,-1,-1,-1,-1,-1,1071
"科學日文(一)",-1,-1,-1,-1,-1,-1,-1,-1,-1,-1,1071
"化學數學",-1,-1,-1,-1,-1,-1,-1,-1,-1,-1,1071
"專題研究(C)",-1,-1,-1,-1,-1,-1,-1,-1,-1,-1,1071
"有機分析",-1,-1,-1,-1,-1,-1,-1,-1,-1,-1,1071
"專題研究(E)",-1,-1,-1,-1,-1,-1,-1,-1,-1,-1,1071
"社會心理學",-1,-1,-1,-1,-1,-1,-1,-1,-1,-1,1071
"危機處理",-1,-1,-1,-1,-1,-1,-1,-1,-1,-1,1071
"學校輔導方案設計評估",-1,-1,-1,-1,-1,-1,-1,-1,-1,-1,1071
"個案評估與診斷",-1,-1,-1,-1,-1,-1,-1,-1,-1,-1,1071
"輔導實務(一)",-1,-1,-1,-1,-1,-1,-1,-1,-1,-1,1071
"學習評量",-1,-1,-1,-1,-1,-1,-1,-1,-1,-1,1071
"課程發展與設計",-1,-1,-1,-1,-1,-1,-1,-1,-1,-1,1071
"知覺心理學",-1,-1,-1,-1,-1,-1,-1,-1,-1,-1,1071
"品格與領導",-1,-1,-1,-1,-1,-1,-1,-1,-1,-1,1071
"兒童偏差行為",-1,-1,-1,-1,-1,-1,-1,-1,-1,-1,1071
"情緒與語言：理論應用",-1,-1,-1,-1,-1,-1,-1,-1,-1,-1,1071
"健康心理學",-1,-1,-1,-1,-1,-1,-1,-1,-1,-1,1071
"運動經絡按摩",-1,-1,-1,-1,-1,-1,-1,-1,-1,-1,1071
"字詞分析的心理學應用",-1,-1,-1,-1,-1,-1,-1,-1,-1,-1,1071
"臨床心理學概論",-1,-1,-1,-1,-1,-1,-1,-1,-1,-1,1071
"心理會談技巧",-1,-1,-1,-1,-1,-1,-1,-1,-1,-1,1071
"戶外探索設計與實施",-1,-1,-1,-1,-1,-1,-1,-1,-1,-1,1071
"變態心理學",-1,-1,-1,-1,-1,-1,-1,-1,-1,-1,1071
"現代精神醫學與心理學",-1,-1,-1,-1,-1,-1,-1,-1,-1,-1,1071
"英語聽講(一)",-1,-1,-1,-1,-1,-1,-1,-1,-1,-1,1071
"食品安全評估",-1,-1,-1,-1,-1,-1,-1,-1,-1,-1,1071
"哲學與人生",-1,-1,-1,-1,-1,-1,-1,-1,-1,-1,1071
"普通生物學(一)",-1,-1,-1,-1,-1,-1,-1,-1,-1,-1,1071
"生技產業實務",-1,-1,-1,-1,-1,-1,-1,-1,-1,-1,1071
"現代小說欣賞",-1,-1,-1,-1,-1,-1,-1,-1,-1,-1,1071
"人生管理講座",-1,-1,-1,-1,-1,-1,-1,-1,-1,-1,1071
"聖經中的人際觀",-1,-1,-1,-1,-1,-1,-1,-1,-1,-1,1071
"物理化學(二)",-1,-1,-1,-1,-1,-1,-1,-1,-1,-1,1071
"國術(男.女)一",-1,-1,-1,-1,-1,-1,-1,-1,-1,-1,1071
"壓力管理",-1,-1,-1,-1,-1,-1,-1,-1,-1,-1,1071
"水土保持學",-1,-1,-1,-1,-1,-1,-1,-1,-1,-1,1071
"嵌入式系統實驗(一)",-1,-1,-1,-1,-1,-1,-1,-1,-1,-1,1071
"水文學",-1,-1,-1,-1,-1,-1,-1,-1,-1,-1,1071
"施工學",-1,-1,-1,-1,-1,-1,-1,-1,-1,-1,1071
"古典電影配樂賞析",-1,-1,-1,-1,-1,-1,-1,-1,-1,-1,1071
"工程實習",-1,-1,-1,-1,-1,-1,-1,-1,-1,-1,1071
"工程統計學(一)",-1,-1,-1,-1,-1,-1,-1,-1,-1,-1,1071
"流體力學實驗A",-1,-1,-1,-1,-1,-1,-1,-1,-1,-1,1071
"工程地質學",-1,-1,-1,-1,-1,-1,-1,-1,-1,-1,1071
"土壤力學",-1,-1,-1,-1,-1,-1,-1,-1,-1,-1,1071
"水資源工程學",-1,-1,-1,-1,-1,-1,-1,-1,-1,-1,1071
"工程英文",-1,-1,-1,-1,-1,-1,-1,-1,-1,-1,1071
"橋梁工程與設計",-1,-1,-1,-1,-1,-1,-1,-1,-1,-1,1071
"熱力學(一)",-1,-1,-1,-1,-1,-1,51,-1,-1,-1,1071
"工程圖學",-1,-1,-1,-1,-1,-1,-1,-1,-1,-1,1071
"聖經生命美學",-1,-1,-1,-1,-1,-1,-1,-1,-1,-1,1071
"機械製造",-1,-1,-1,-1,-1,-1,-1,-1,-1,-1,1071
"認識新聞",-1,-1,-1,-1,-1,-1,-1,-1,-1,-1,1071
"電路板智慧製造講座一",-1,-1,-1,-1,-1,-1,-1,-1,-1,-1,1071
"電路板智慧製造講座二",-1,-1,-1,-1,-1,-1,-1,-1,-1,-1,1071
"世界文學與藝術歌曲",-1,-1,-1,-1,-1,-1,85,-1,-1,-1,1071
"劇讀人聲",-1,-1,-1,-1,-1,-1,76,-1,-1,-1,1071
"工業工程專題(一)",-1,-1,-1,-1,-1,-1,-1,-1,-1,-1,1071
"人力資源管理",-1,-1,-1,-1,-1,-1,-1,-1,-1,-1,1071
"設施規劃",-1,-1,-1,-1,-1,-1,-1,-1,-1,-1,1071
"設施規劃實驗",-1,-1,-1,-1,-1,-1,-1,-1,-1,-1,1071
"全球原住民族文化",-1,-1,-1,-1,-1,-1,-1,-1,-1,-1,1071
"方法時間衡量",-1,-1,-1,-1,-1,-1,-1,-1,-1,-1,1071
"超級英雄的物理學",-1,-1,-1,-1,-1,-1,-1,-1,-1,-1,1071
"生物力學",-1,-1,-1,-1,-1,-1,-1,-1,-1,-1,1071
"電路學",-1,-1,-1,-1,-1,-1,-1,-1,-1,-1,1071
"醫工英文(一)",-1,-1,-1,-1,-1,-1,-1,-1,-1,-1,1071
"馬華文學",-1,-1,-1,-1,-1,-1,-1,-1,-1,-1,1071
"微處理機",-1,-1,-1,-1,-1,-1,-1,-1,-1,-1,1071
"醫學影像處理",-1,-1,-1,-1,-1,-1,-1,-1,-1,-1,1071
"健康照護科技專題(一)",-1,-1,-1,-1,-1,-1,-1,-1,-1,-1,1071
"固態物理(一)",-1,-1,-1,-1,-1,-1,-1,73,-1,-1,1071
"智慧電子應用設計導論",-1,-1,-1,-1,-1,-1,-1,-1,-1,-1,1071
"Android應用程式設計",-1,-1,-1,-1,-1,-1,-1,-1,-1,-1,1071
"影像處理",-1,-1,-1,-1,-1,-1,-1,-1,-1,-1,1071
".NET物件導向程式設計",-1,-1,-1,-1,-1,-1,-1,-1,-1,-1,1071
"基因與疾病",-1,-1,-1,-1,-1,-1,-1,-1,-1,-1,1071
"國防軍訓-國防科技",-1,-1,-1,-1,-1,-1,-1,-1,-1,-1,1071
"電子學(一)",-1,-1,-1,-1,-1,-1,-1,-1,-1,-1,1071
"建築專業實習(一)",-1,-1,-1,-1,-1,-1,-1,-1,-1,-1,1071
"建築工藝實作研習",-1,-1,-1,-1,-1,-1,-1,-1,-1,-1,1071
"閩南傳統建築",-1,-1,-1,-1,-1,-1,-1,-1,-1,-1,1071
"建材與構造",-1,-1,-1,-1,-1,-1,-1,-1,-1,-1,1071
"中國美術史一",-1,-1,-1,-1,-1,-1,-1,-1,-1,-1,1071
"地理設計(一)",-1,-1,-1,-1,-1,-1,-1,-1,83,-1,1071
"氣排球",-1,-1,-1,-1,-1,-1,-1,-1,-1,-1,1071
"網路行銷",-1,-1,-1,-1,-1,-1,-1,-1,-1,-1,1071
"投資實務操作",-1,-1,-1,-1,-1,-1,-1,-1,-1,-1,1071
"實用英文一",-1,-1,-1,-1,-1,-1,-1,-1,-1,-1,1071
"知識管理",-1,-1,-1,-1,-1,-1,-1,-1,-1,-1,1071
"網路程式設計",-1,-1,-1,-1,-1,-1,-1,-1,-1,-1,1071
"R程式設計",-1,-1,-1,-1,-1,-1,-1,-1,-1,-1,1071
"大陸台商升級轉型實務",-1,-1,-1,-1,-1,-1,-1,-1,-1,-1,1071
"團隊管理",-1,-1,-1,-1,-1,-1,-1,-1,-1,-1,1071
"食品科學概論",-1,-1,-1,-1,-1,-1,-1,-1,-1,-1,1071
"ISO 9000國際標準認證",-1,-1,-1,-1,-1,-1,-1,-1,-1,-1,1071
"市場研究",-1,-1,-1,-1,-1,-1,-1,-1,-1,-1,1071
"廣告學",-1,-1,-1,-1,-1,-1,-1,-1,-1,-1,1071
"生涯規劃專題",-1,-1,-1,-1,-1,-1,-1,-1,-1,-1,1071
"全方位領導",-1,-1,-1,-1,-1,-1,-1,-1,-1,-1,1071
"中國大陸貿易實務",-1,-1,-1,-1,-1,-1,-1,-1,-1,-1,1071
"法學緒論",-1,-1,-1,-1,-1,-1,-1,-1,-1,-1,1071
"稅務會計(一)",-1,-1,-1,-1,-1,-1,-1,-1,-1,-1,1071
"體育特別班體控組",-1,-1,-1,-1,-1,-1,-1,-1,-1,-1,1071
"法語(一)",-1,-1,-1,-1,-1,-1,-1,-1,-1,-1,1071
"Hadoop實務演練",-1,-1,-1,-1,-1,-1,-1,-1,-1,-1,1071
"神經網路程式設計實務",-1,-1,-1,-1,-1,-1,-1,-1,-1,-1,1071
"資訊安全管理",-1,-1,-1,-1,-1,-1,-1,-1,-1,-1,1071
"刑法總則",-1,-1,-1,-1,-1,-1,-1,-1,-1,-1,1071
"性別平等與現代社會",-1,-1,-1,-1,-1,-1,-1,-1,-1,-1,1071
"憲法",-1,-1,-1,-1,-1,-1,-1,-1,-1,-1,1071
"法律服務(一)",-1,-1,-1,-1,-1,-1,-1,-1,-1,-1,1071
"職涯列車講座",-1,-1,-1,-1,-1,-1,-1,-1,-1,-1,1071
"少年事件處理法",-1,-1,-1,-1,-1,-1,-1,-1,-1,-1,1071
"東南亞社會與文化",-1,-1,-1,-1,-1,-1,-1,-1,-1,-1,1071
"企業倫理",-1,-1,-1,-1,-1,-1,-1,-1,-1,-1,1071
"英語簡報技巧",-1,-1,-1,-1,-1,-1,-1,-1,-1,-1,1071
"德語(二)",-1,-1,-1,-1,-1,-1,-1,-1,-1,-1,1071
"教育哲學",-1,-1,-1,-1,-1,-1,-1,-1,-1,-1,1071
"學前特教教材教法",-1,-1,-1,-1,-1,-1,-1,-1,-1,-1,1071
"聽覺口語法理論與實務",-1,-1,-1,-1,-1,-1,-1,-1,-1,-1,1071
"特殊教育行政與法規",-1,-1,-1,-1,-1,-1,-1,-1,-1,-1,1071
"教育社會學",-1,-1,-1,-1,-1,-1,-1,-1,-1,-1,1071
"桌球(男.女)二",-1,-1,-1,-1,-1,-1,-1,-1,-1,-1,1071
"證券金融商品法規合約",-1,-1,-1,-1,-1,-1,-1,-1,-1,-1,1071
